id,section_id,english,japanese,created_at,updated_at
1,1,We must respect the will of the individual.,個人の意志は尊重しなければいけない。,2021-11-9,2021-11-9
2,1,Take it easy. I can assure you that everything will turn out fine.,気楽にいけよ。大丈夫、すべてうまくいくさ。,2021-11-9,2021-11-9
3,1,Let go of your negative outlook on life. Always maintain a positive attitude.,悲観的な人生観を捨てて、前向きな態度を常に持ち続けよう。,2021-11-9,2021-11-9
4,1,"You should be fair to everyone regardless of national origin, gender, or creed.",生まれた国、性別、信条に関係なく、誰に対しても公平でなくてはならない。,2021-11-9,2021-11-9
5,1,Equality is guaranteed by the Constitution.,平等は憲法で守られている。,2021-11-9,2021-11-9
6,1,He leaned against the pillar and gazed at the Statue of Liberty.,彼は柱に寄りかかって、自由の女神像をじっとみつめた。,2021-11-9,2021-11-9
7,1,A woman passed by me giving off a subtle scent of perfume. It reminded me of my ex-girlfriend.,香水のほのかな香りを漂わせながら、一人の女性が僕の前を通り過ぎた。前の彼女のことを思い出してしまった。,2021-11-9,2021-11-9
8,1,Natto smells awful but tastes terrific.,納豆は臭いはひどいけれど味は最高。,2021-11-9,2021-11-9
9,1,"""I'm soaked with sweat.""\n""Stand back! You stink. Take a shower.""",「汗でびしょぬれだよ。」「来ないで！臭いわ。シャワーを浴びて。」,2021-11-9,2021-11-9
10,2,Bob was so beside himself that he could scarcely tell fact from fiction.,ボブはひどく取り乱していて、現実と虚構の区別がほとんどできなかった。,2021-11-9,2021-11-9
11,2,"His new novel, which combines prose with his gift for poetry, is going to be published.",まもなく出版になる彼の小説は、散文に彼の詩の才能を融合させたものだ。,2021-11-9,2021-11-9
12,2,An up-to-date edition of the encyclopedia will come out next month.,来月、その百科事典の最新版が出る。,2021-11-9,2021-11-9
13,2,Ms. Yamada translated the fascinating fairy tale into plain Japanese.,山田さんがその心ひかれるおとぎ話をやさしい日本語に翻訳した。,2021-11-9,2021-11-9
14,2,The following passage is quoted from a well-known fable.,以下の一節は有名な寓話からの引用です。,2021-11-9,2021-11-9
15,2,"""Are you familiar with contemporary literature?""\n""I know next to nothing about it.""",「現代文学に詳しいですか？」 「ほとんど知りません。」,2021-11-9,2021-11-9
16,2,"At times I confuse ""curve"" with ""carve.""","時々、""curve""と""carve""を混同してしまう。",2021-11-9,2021-11-9
17,2,Don't be shy. Your pronunciation is more or less correct.,恥ずかしがらないで。あなたの発音はだいたい合っています。,2021-11-9,2021-11-9
18,2,This article contains tips for those who are eager to increase their vocabulary.,この記事には語彙を本気で増やしたいと思う人々に役立つ情報が含まれています。,2021-11-9,2021-11-9
19,2,His latest works are on display at the city hall. They are fabulous beyond description.,彼の最新の作品が市庁舎で展示されているの｡言葉にできないほど素敵よ。,2021-11-9,2021-11-9
20,2,"""Could you move over a little?""\n""Oh, sorry. I didn't realize I was taking up so much space.""",「少し詰めていただけませんか？」「あ、ごめんなさい。こんなに場所を取っていたなんて気付きませんでした｡」,2021-11-9,2021-11-9
21,2,"""What's this ugly object?""\n""This is a piece of abstract art!""",「この不格好な物体は何？」 「これは抽象芸術の作品だよ！」,2021-11-9,2021-11-9
22,3,"I begged Richie to lend me a hundred bucks, but he shook his head, saying, ""I'm broke, too.""",100ドル貸してくれとリッチーに頼んだら、彼は「俺もお金がないんだよ！」と言って首を横に振った。,2021-11-9,2021-11-9
23,3,"""I'm apt to buy things on impulse whenever something is on sale.""\n""So am I.""",「安売りをしているといつも衝動買いしてしまうたちです。」 「私も。」,2021-11-9,2021-11-9
24,3,"As it is, ordinary people cannot afford to purchase such luxuries.",実際のところ、普通の人々にはそんな贅沢品を購入する余裕はない。,2021-11-9,2021-11-9
25,3,"As we anticipated, the unemployment rate has risen three quarters in a row.",予期していたとおり、失業率は3四半期連続で上昇した。,2021-11-9,2021-11-9
26,3,"I have to cut down on my expenses, so from now on, I'm going to keep track of them on a daily basis.",出費を切り詰めないと。だから、これからは使ったお金は一日単位で記録していくつもりだ。,2021-11-9,2021-11-9
27,3,"In any case, the union has to compromise to a certain extent.",いずれにせよ、組合側はある程度妥協しなければならない。,2021-11-9,2021-11-9
28,3,"Competent mechanics are in great demand, so they earn decent wages.",有能な整備士は引っ張りだこだから、なかなかの賃金を稼げる。,2021-11-9,2021-11-9
29,3,The president announced a concrete plan to carry out welfare reform.,大統領は福祉改革を実行するための具体的な計画を発表した。,2021-11-9,2021-11-9
30,3,His policy will no doubt lead to dismal consequences. It needs a thorough review.,彼の政策はきっと暗い結果を招くだろう。徹底的な見直しが必要だ。,2021-11-9,2021-11-9
31,3,It goes without saying that the aging of society is inevitable.,社会の高齢化が避けられないことは言うまでもない。,2021-11-9,2021-11-9
32,3,Please take a look at this chart. It indicates that juvenile delinquency is on the increase at an alarming rate.,この表をご覧になってください。少年非行が深刻な割合で増加していることを示しています。,2021-11-9,2021-11-9
33,3,"In many business districts, there are a lot of vacant lots which have been for sale for years.",多くの商業地区では、数年間売りに出されている空き地がたくさんある。,2021-11-9,2021-11-9
34,3,The population density in the metropolis is gradually decreasing.,大都市の人口密度が徐々に低下している。,2021-11-9,2021-11-9
35,3,"In all likelihood, the birthrate will continue to decline steadily for years to come.",ほぼ間違いなくこの先数年、出生率は減少の一途をたどるだろう。,2021-11-9,2021-11-9
36,4,The power plant supplies the remote county with electricity.,その発電所は遠く離れた郡に電気を供給している。,2021-11-9,2021-11-9
37,4,You are not allowed to operate this device without permission.,許可なくこの装置を操作することはできません。,2021-11-9,2021-11-9
38,4,"In fact, the inhabitants have been exposed to radiation.",実は、住民たちは放射能にさらされてきた。,2021-11-9,2021-11-9
39,4,One cannot emphasize too much the potential danger of nuclear energy.,核エネルギーの潜在的な危険性は､いくら強調してもし過ぎるということはない。,2021-11-9,2021-11-9
40,4,"For years the press overlooked the problem. But now, if anything, they are making too much of it.",過去数年間その問題を見過ごしていた報道機関が､今ではどちらかと言えばそのことを重視し過ぎている。,2021-11-9,2021-11-9
41,4,"As well as cultivating grain, the farmer runs a grocery store.",穀物を栽培するだけでなく、その農業経営者は食料雑貨店も経営している。,2021-11-9,2021-11-9
42,4,The research institute was established in the late 1960s.,その研究所は1960年代後半に設立された。,2021-11-9,2021-11-9
43,4,Why don't you consult Starr in person? He's by far the most prominent attorney around here.,スターさんに直接相談したらどうですか？ この辺りでは文句なしでいちばん有名な弁護士ですよ。,2021-11-9,2021-11-9
44,4,"I'll write it down just in case, because I have a bad memory.",念のためメモしておきます。記憶力が悪いから。,2021-11-9,2021-11-9
45,4,The lawyer recommended that his client take legal action against the insurance company.,弁護士は依頼人に、保険会社に対して法的手段を取る事を勧めた。,2021-11-9,2021-11-9
46,5,They are entitled to be compensated for their injuries.,彼らには、けがに対する補償を受ける権利がある。,2021-11-9,2021-11-9
47,5,"So far, no less than 200 people have died of the flu epidemic.",インフルエンザの流行で、現在までに200人もの人が亡くなっている。,2021-11-9,2021-11-9
48,5,The effect of those pills is intense but brief.,それらの錠剤の効果は強烈だが持続性はない。,2021-11-9,2021-11-9
49,5,He has a habit of biting his nails. It's absolutely disgusting.,彼は爪を噛む癖がある。あれには本当にぞっとするよ。,2021-11-9,2021-11-9
50,5,My grandma strained her back when she bent down to hug my son.,うちの息子を抱こうとしてかがんだときに、おばあちゃんは腰を痛めた。,2021-11-9,2021-11-9
51,5,"If you have a stiff neck, try an herbal remedy.",肩が凝るなら、薬草治療を試してごらんよ。,2021-11-9,2021-11-9
52,5,Medical breakthroughs have brought about great benefits for humanity as a whole.,医学の飛躍的発展は人類全体に多大な恩恵をもたらしてきた。,2021-11-9,2021-11-9
53,5,"We can't apply cloning techniques to cattle, let alone human beings. It's forbidden.",クローン技術は人間にはもちろん､牛にも応用してはいけない。 絶対にしてはならないことだ。,2021-11-9,2021-11-9
54,5,Whales are classified as mammals.,鯨は哺乳動物に分類される。,2021-11-9,2021-11-9
55,5,The theory of evolution is beyond the reach of my imagination.,進化論は私の想像力の範囲を超えている。,2021-11-9,2021-11-9
56,5,The biologist is proud of his historic discovery and doesn't mind boasting about it.,その生物学者は自分の歴史的発見に誇りをもっており、そのことを臆することなく口に出す。,2021-11-9,2021-11-9
57,5,"On ethical grounds, they are opposed to so-called gene therapy.",倫理的な理由から、彼らはいわゆる遺伝子治療に反対している。,2021-11-9,2021-11-9
58,5,The initial symptoms of the disease are fever and a sore throat.,その病気の初期症状は高熱と喉の痛みです。,2021-11-9,2021-11-9
59,5,The structure of the brain is complex.,脳の構造は複雑だ。,2021-11-9,2021-11-9
60,5,"Owing to illness, some representatives were absent from the annual conference.",病気のために年次会議を欠席した代表者もいた。,2021-11-9,2021-11-9
61,5,"Little by little, my son-in-law is recovering from stomach cancer, and now he is in good spirits.",私の娘婿は徐々に胃癌を克服しつつあり、今は明るく元気だ。,2021-11-9,2021-11-9
62,5,"""This is fake, isn't it?""\n""Hey, it's a genuine antique.""\n""No way!""",「これって偽物だろう？」 「何言ってるの。本物の骨蓮品よ。」 「まさか！」,2021-11-9,2021-11-9
63,6,"""Anything else?""\n""That's it.""\n""For here or to go?""\n""To go.""",「ほかにご注文は?」「こちらでお召し上がりですか？」「持ち帰ります。」,2021-11-9,2021-11-9
64,6,"""How much is this rug? ""$100 including tax.""\n""OK, I'll take it.""",「この敷物はおいくらですか?」「税込みで100ドルです」「じゃあ、これにします。」,2021-11-9,2021-11-9
65,6,I don't think those pants look good on you. Try these on. They're really in now!,そのパンツはあなたには似合わないと思う。こっちをはいてみて。今すごく流行っているのよ。,2021-11-9,2021-11-9
66,6,"He got out of the cab in haste, saying, ""Keep the change.""",彼は「おつりはいいです」と言って、急いでタクシーを降りた。,2021-11-9,2021-11-9
67,6,Delivery service is available to our customers for a slight extra charge.,当店のお客様は､わずかな追加料金で配達サービスをご利用できます。,2021-11-9,2021-11-9
68,6,"""It's on me.""\n""No. You treat me every time we eat out.""\n""Well, okay. Let's split the check then.""",「これは僕のおごり。」 「だめよ。外食のときはいつもおごってもらっているし。」 「うーん、わかった。じゃあ割り勘にしよう。」,2021-11-9,2021-11-9
69,6,"While I was hanging out at the mall, I ran into Ken.",ショッピングセンターをぶらぶらしていたら、偶然ケンに会った。,2021-11-9,2021-11-9
70,6,"I was short of cash, so I withdrew the $100 that I had deposited in my bank account last week.",現金が足りなかったので、先週口座に入れた1000ドルを引き出した。,2021-11-9,2021-11-9
71,6,On her way home she was robbed of her purse.,彼女は帰宅途中にハンドバッグを盗まれた。,2021-11-9,2021-11-9
72,6,"""That's odd! Tell me how it happened.""\n""I'll explain it to you later.""",「それは変だわ。どうしてそんなことが起きたのか教えて。」「後で説明するよ。」,2021-11-9,2021-11-9
73,6,My parents gave me a 6 pm curfew as a punishment because I broke my promise.,私が約束を破ったので、罰として両親に門限を６時にされた。,2021-11-9,2021-11-9
74,6,"As the proverb goes, ""The end justifies the means.""",諺にある通り、「嘘も方便 （目的が手段を正当化する）」。,2021-11-9,2021-11-9
75,6,"Now that I've found that there's no one to turn to, I'll have to stand on my own two feet.",誰も頼れる人がいないとわかったのだから、自分の力でやっていくしかない。,2021-11-9,2021-11-9
76,7,"The chairman cut me off, saying, ""Time to wind things up. Let's take a vote.""",議長は私の話を遮って、「話し合いはここまでにして決を採りましょう。」と言った。,2021-11-9,2021-11-9
77,7,"We exchanged frank opinions in the meeting, but consensus is yet to be reached regarding this matter.",我々は会議で率直な意見を交わしたが、この件に関してはまだ全体の意見がまとまらない。,2021-11-9,2021-11-9
78,7,"""Do you agree or disagree with him?""\n""I'm on his side.""",「あなたは彼と同じ意見？ それとも違うの？」「彼のほうを支持するよ。」,2021-11-9,2021-11-9
79,7,"Strictly speaking, his view differs somewhat from mine.",厳密に言えば、彼の見解は私のものとはいくらか異なる。,2021-11-9,2021-11-9
80,7,Could you go over it again? I couldn't make out what you were getting at.,もう一度詳しく説明していただけませんか？ お話の意図がわかりませんでした。,2021-11-9,2021-11-9
81,7,"No one backed me up at first, but eventually I talked everyone into going along with my plan.",僕の案を支持してくれる人は最初は誰もいなかったけれど、最後にはみんなを説得して賛同してもらうことができた。,2021-11-9,2021-11-9
82,7,"""I admire your perseverance, courage and wisdom.""\n""You flatter me!""",「君の不屈の努力、勇気、そして知恵には感心するよ。」「お世辞でもうれしいわ！」,2021-11-9,2021-11-9
83,7,"In making a decision, I rely not on logic but on instinct.",どうするかを決めるとき、僕は論理ではなく本能を当てにする。,2021-11-9,2021-11-9
84,7,"He came up with an ingenious, sensible solution and immediately put it into practice.",彼は独創的かつ賢明な解決策を考え出し、直ちにそれを実行に移した。,2021-11-9,2021-11-9
85,7,"From an objective viewpoint, the former is inferior to the latter.",客観的に見れば、前者は後者よりも劣っている。,2021-11-9,2021-11-9
86,7,"Your idea sounds marvelous in theory, yet I don't think it will work in practice.",あなたの考えは理論上はすばらしそうだけれども、実際には機能しないと思います。,2021-11-9,2021-11-9
87,7,"We expected him to defeat his opponent, but he failed to live up to our expectations.",私たちは彼が相手に勝つことを期待したが、彼はその期待に応えられなかった。,2021-11-9,2021-11-9
88,7,"Ironically, despite their best endeavors, their mission resulted in complete failure.",皮肉なことだが、彼らの最善の努力にもかかわらず、任務は完全な失敗に終わった。,2021-11-9,2021-11-9
89,7,Her genius makes up for her lack of firsthand experience.,実地経験の不足は彼女の天賦の才能で補える。,2021-11-9,2021-11-9
90,7,She possesses a great capacity for overcoming any obstacle.,彼女にはどんな障害をも克服できるすばらしい能力がある。,2021-11-9,2021-11-9
91,7,"Without your solid support, the deal would have fallen through. I'm grateful to you.",あなたの強固な支援がなかったら、その取引は成立しなかったでしょう。感謝しています。,2021-11-9,2021-11-9
92,8,Bringing flammable items into the cabin is prohibited.,機内への可燃物の持ち込みは禁止されています。,2021-11-9,2021-11-9
93,8,Our flight to Vienna was delayed on account of a minor accident.,ちょっとした事故が原因で、私たちのウィーン行きの便に遅れが出た。,2021-11-9,2021-11-9
94,8,"The plane blew up and plunged into the ocean, killing all the people on board.",飛行機が爆発して海に墜落し、乗っていた全員が死亡した。,2021-11-9,2021-11-9
95,8,They are working around the clock looking into the cause of the crash.,彼らは昼夜休むことなく、その墜落事故の原因を調査している。,2021-11-9,2021-11-9
96,8,"Unfortunately, few passengers survived the catastrophe.",不幸にも、その大惨事で生き残った乗客はほとんどいなかった。,2021-11-9,2021-11-9
97,8,The aviation expert analyzed the statistics in detail.,航空評論家が統計を詳細に分析した。,2021-11-9,2021-11-9
98,8,"On behalf of all the staff, I'd like to express our sympathy for the victims.",全従業員を代表いたしまして、犠牲者の方々に対してお悔やみを申し上げたいと存じます。,2021-11-9,2021-11-9
99,8,"In a sense, he is to blame for the disaster.",ある意味、その惨事の責任は彼にある。,2021-11-9,2021-11-9
100,8,The vehicles are inspected for defects every three months.,車両は欠陥がないか3ケ月に1度検査される。,2021-11-9,2021-11-9
101,9,I was amazed to see that our utility bills came to so much,うちの光熱費がそんな額になっているのを知ってびっくりした。,2021-11-9,2021-11-9
102,9,"""Turn the faucet off!"" mom yelled in a rage.",｢水道の栓を閉めなさい！｣とお母さんがかんかんになって叫んだ。,2021-11-9,2021-11-9
103,9,Tighten the lid so the food doesn't go bad.,食べ物が腐らない様にふたをしっかり閉めなさい。,2021-11-9,2021-11-9
104,9,"""Can I borrow your scissors?""\n""Sure, here you are.""",｢ハサミを貸してもらえる？」「もちろん。はいどうぞ｡」,2021-11-9,2021-11-9
105,9,You can substitute some transparent glue for a needle and thread.,針と糸の代わりに透明な接着剤を使っても結構です｡,2021-11-9,2021-11-9
106,9,I dyed this fabric and it shrank,この織物を染めたら縮んでしまった。,2021-11-9,2021-11-9
107,9,I'm getting rid of this leather jacket because it's worn out at the elbows.,この革のジャケットは処分するよ。両肘の部分がすり減って穴があいているから。,2021-11-9,2021-11-9
108,9,Add some flour to the mixture and stir it until it becomes thick.,その混ぜ合わせたものに小麦粉を加えて、とろみがつくまでかき混ぜましょう。,2021-11-9,2021-11-9
109,9,"""What should we do with the leftovers?""\n""Keep them in the fridge for now. I'll heat them in the microwave later.""",「残り物をどうしよう？」 「とりあえず冷蔵庫に入れておいて。 後で電子レンジで温め直すよ。」,2021-11-9,2021-11-9
110,9,"I could have laid out all that money on a new PC, but on second thought I decided to put some aside for a rainy day.",新しいパソコンに全額つぎ込むこともできたが、考え直して、まさかの時のために多少は残しておくことにした。,2021-11-9,2021-11-9
111,9,"A cell phone has become something of a necessity, and I can't do without one.",携帯電話はちょっとした必需品になったことだし、それなしではやっていけない。,2021-11-9,2021-11-9
112,9,No sooner had I sat back and relaxed than my wife asked me to do the chores.,イスにゆったり座ってくつろいだ途端、妻に雑用を頼まれた。,2021-11-9,2021-11-9
113,9,She laid the baby down and lay down beside him.,彼女は赤ちゃんを寝かせて自分も隣に横になった。,2021-11-9,2021-11-9
114,10,Put this stuff away! It's in the way.,ここにある物を片付けなさい。邪魔よ。,2021-11-9,2021-11-9
115,10,"When the kids made believe they were dinosaurs, they were scolded by their mother.",子供たちが恐竜ごっこをしていたら、お母さんに叱られた。,2021-11-9,2021-11-9
116,10,"After he bumped into the shelf, the priceless china fell and shattered into fragments.",彼が棚にぶつかり、とても高価な陶磁器が落ちて粉々に割れてしまった。,2021-11-9,2021-11-9
117,10,"""Can you keep an eye on my kids for a while? I need to pick up Ken. No problem.""",「うちの子たちをちょっと見ててもらえる？ケンを迎えに行かないといけないの｡」「いいよ｡」,2021-11-9,2021-11-9
118,10,Our neighbor told us off for making a mess in his yard.,隣の家の人が庭をめちゃくちゃにされたと、私たちにがみがみ説教した。,2021-11-9,2021-11-9
119,10,Dolly resembles her big sister in every way. You can't tell them apart.,ドリーはあらゆる面でお姉さんにそっくりだ。二人を見分けることはできないよ。,2021-11-9,2021-11-9
120,10,"As a rule, twins have a lot in common.",慨して、双子には似たところが多い。,2021-11-9,2021-11-9
121,10,"I'm tired of doing the dishes, doing the laundry, and so on!",皿洗いとか洗濯とか、そういうことにはもううんざり！,2021-11-9,2021-11-9
122,10,My favorite pastime is strolling along the shore. It's pleasant.,時間があいたときの一番の楽しみは浜辺の散歩です。気持ちいいですよ。,2021-11-9,2021-11-9
123,10,"""I'm exhausted! Let's take a break in the shade.""\n""Why not?""",「私、もうくたくた。日陰で休憩しましょう｡」「そうだね｡」,2021-11-9,2021-11-9
124,10,"""Bob, this vending machine is out of order.""\n""Oh no! I'm dying of thirst!""",「ボブ、この自動販売機、故障してるわ｡」「何だって！喉が乾いて死にそうだよ！」,2021-11-9,2021-11-9
125,10,"He fainted with hunger and fatigue, but came to after a while.",彼は空腹と疲労で気を失ったが、しばらくして意識を取り戻した。,2021-11-9,2021-11-9
126,11,The auditorium was empty except for a single piece of furniture.,たった一つの家具を除けば、講堂はがらんどうだった。,2021-11-9,2021-11-9
127,11,Any apartment will do as long as the rent is low. I'm not particular about it.,家賃が安ければ、どんなマンションでも構いません。こだわりはありませんから。,2021-11-9,2021-11-9
128,11,His sixty-year-old cousin inherited a piece of real estate by a lake.,彼の60歳のいとこが湖畔の不動産を相続した。,2021-11-9,2021-11-9
129,11,So much for small talk. Let's get down to business.,雑談はこの辺にして、本題に入りましょう。,2021-11-9,2021-11-9
130,11,Lucy resented the aggressive salesman trying to make her sign the contract.,ルーシーは、契約書にサインさせようとする強引な販売員に腹を立てた。,2021-11-9,2021-11-9
131,11,There are a number of factors discouraging us from investing in stocks.,私たちの株式投資への意欲をそぐような要因がかなりある。,2021-11-9,2021-11-9
132,11,Japan imports various raw materials and exports manufactured goods.,日本は様々な原料を輸入し、工業製品を輸出している。,2021-11-9,2021-11-9
133,11,"In the course of its economic development, Japan has abandoned its traditional values.",経済発展の過程で、日本はその伝統的価値観を捨ててきた。,2021-11-9,2021-11-9
134,11,The world is faced with an unprecedented crisis.,世界はかつてない危機に直面している。,2021-11-9,2021-11-9
135,11,"In short, the purpose of the regulations is to protect domestic industries.",要するに、その規制の目的は国内産業の保護だ。,2021-11-9,2021-11-9
136,11,"In order to keep up its competitiveness in the world, Japan must undertake sweeping deregulation in earnest.",世界での競争力を維持するためには、日本は大幅な規制緩和に真剣に着手しなければならない。,2021-11-9,2021-11-9
137,12,We cannot turn our backs on desperate people who are at risk.,危機にさらされ、わらにもすがる思いでいる人々を、私たちは放っておけない。,2021-11-9,2021-11-9
138,12,The parliament decided to provide developing countries with financial aid.,議会は発展途上国に財政援助を行うことを決議した。,2021-11-9,2021-11-9
139,12,"Some say the British monarchy should be abolished. What do you think?""",英国の君主制は廃止されるべきだと言う人もいるけど、あなたはどう思う？,2021-11-9,2021-11-9
140,12,They sought shelter from the attack but found no place to hide.,彼らは攻撃を逃れる安全な場所を探したが、隠れる場所はどこにもなかった。,2021-11-9,2021-11-9
141,12,There's little prospect that the two countries will make significant progress in disarmament.,軍縮において、両国が大きな進展を遂げる見込みはほとんどない。,2021-11-9,2021-11-9
142,12,"The negotiations are under way. Before long, they will enter a crucial phase.",交渉は進行中だ。そろそろ正念場を迎えるだろう。,2021-11-9,2021-11-9
143,12,The slaves were anxious to alter their destinies.,奴隷たちは自分たちの運命を変えたいと切望していた。,2021-11-9,2021-11-9
144,12,The aristocrats abused their privileges to their hearts' content.,貴族たちは思うがままに特権を乱用した。,2021-11-9,2021-11-9
145,12,"The revolution in itself, bore no fruit, after all.",結局、革命それ自体は何の成果ももたらさなかった。,2021-11-9,2021-11-9
146,13,"Bob cut in on our conversation, saying, ""I'm against it!"" But everybody ignored him.",ボブが「それには反対だ！」と言って会話に割り込んできた。けれども、誰も耳を貸さなかった。,2021-11-9,2021-11-9
147,13,We skipped his turn on purpose.,私たちは彼の順番をわざと飛ばした。,2021-11-9,2021-11-9
148,13,"He saw someone being bullied, but he turned a blind eye.",誰かがいじめられているのを見たのに、彼は見ないふりをした。,2021-11-9,2021-11-9
149,13,"When Nick and I cheated on an exam, I was suspended from school. As for Nick, he got away with it.",ニックと僕がテストでカンニングしたとき、僕は停学処分。ニックの方はまんまと逃れた。,2021-11-9,2021-11-9
150,13,They are hostile to Richard because they are jealous of his wealth and status.,彼らはリチャードの富と地位に対する嫉妬から、彼に敵意を抱いている。,2021-11-9,2021-11-9
151,13,I hate him! He behaves as if he were somebody.,彼のことは大嫌い。まるで自分が大物であるかのように振る舞うのよ。,2021-11-9,2021-11-9
152,13,"In spite of our compliments, he frowned and turned away. He was so rude!",僕たちがほめ言葉をかけたのに、彼は顔をしかめてそっぽを向いた。失礼だ！,2021-11-9,2021-11-9
153,13,He claimed that the enormous property was at his disposal.,その莫大な財産は自分が自由にできるものだ、と彼は主張した。,2021-11-9,2021-11-9
154,13,"The more stubborn you are, the more isolated you become.",頑固になればなるほど孤立するよ。,2021-11-9,2021-11-9
155,13,"""Don't beat around the bush! What am I supposed to do?""\n""Just wait and see. Time will tell.""",「遠回しな言い方はやめてくれ！僕にどうしろって言うんだ？」 「慌てずに待つしかありません。時が経てばわかります。」,2021-11-9,2021-11-9
156,14,Please hand in your assignment via e-mail no later than 5:00 PM on June 10.,課題は電子メールで6月10日の午後5時までに提出して下さい。,2021-11-9,2021-11-9
157,14,Joe is anything but diligent. That's why he flunked math again.,ジョーが勤勉なんてとんでもない。だからまた数学を落としたんだ。,2021-11-9,2021-11-9
158,14,"His thesis doesn't make sense. To begin with, its theme is obscure.",彼の論文は意味不明。第一、主題が曖昧だ。,2021-11-9,2021-11-9
159,14,His essay was concise and to the point.,彼の小論文は簡潔で要領を得ていた。,2021-11-9,2021-11-9
160,14,"""How are you going to deal with this complicated problem?""\n""Leave it to me! It's a piece of cake.""",「この複雑な問題をどう処理するつもり？｣ ｢任せとけって。朝飯前さ。」,2021-11-9,2021-11-9
161,14,"""Nick, I want you to look this over before I turn it in.""\n""Sorry, but I have my hands full right now.""",「ニック、これを提出する前にざっと目を通して欲しいの。」 「ごめん、今、手が離せないんだ。」,2021-11-9,2021-11-9
162,14,"""What if I don't meet the deadline?""\n""I bet he'll get mad at you!""",「締め切りに間に合わなかったらどうなる？」 「きっと彼に怒られるぞ！」,2021-11-9,2021-11-9
163,14,Your summary leaves nothing to be desired apart from the terrible handwriting.,字が汚いことを別にすれば、君の要約は完璧だ。,2021-11-9,2021-11-9
164,14,You ought to think over whether the premise is valid or not.,その前提が妥当かどうかよく考えるべきだ。,2021-11-9,2021-11-9
165,14,"Above all, scientific terms call for precise definitions",とりわけ、科学用語には厳密な定義が要求される。,2021-11-9,2021-11-9
166,15,"First of all, learn the formula by heart.",何よりもまず、公式を暗記しなさい。,2021-11-9,2021-11-9
167,15,"To calculate the volume, multiply the length by the width by the depth.",体積を計算する場合は、縦と横と深さを掛けます。,2021-11-9,2021-11-9
168,15,Tiny cracks were found in the bottom of the barrel.,樽の底にとても小さなひびがあるのを見つけた。,2021-11-9,2021-11-9
169,15,This chapter will focus on the concepts of geometry.,この章では幾何学の概念に焦点をあてます。,2021-11-9,2021-11-9
170,15,Phil is much more interested in academic subjects than in practical skills.,フィルは実用的な技能よりも学問的なテーマのほうに興味がある。,2021-11-9,2021-11-9
171,15,"""Something's gone wrong with this microscope. I need to have it repaired.""\n""Let me see it. Maybe I can fix it.""",｢この顕微鏡、どこかおかしくなっちゃった。修理してもらわないと。」 「見せて。僕が直せるかも。」,2021-11-9,2021-11-9
172,15,"""What is 'an instrument?""\n""For instance, a gauge, such as a thermometer or a barometer.""",「インストゥルメントって何ですか？」「例えば、温度計や気圧計とかの計器がそうです。」,2021-11-9,2021-11-9
173,15,The minute particles are barely visible to the naked eye.,その微粒子は肉眼でもかろうじて見える。,2021-11-9,2021-11-9
174,15,Muscle tissue consists of a vast number of cells.,筋肉組織はおびただしい数の細胞から成っている。,2021-11-9,2021-11-9
175,15,This substance is mostly composed of hydrogen and oxygen.,この物質は主に水素と酸素でできている。,2021-11-9,2021-11-9
176,15,The exact temperature is 22.68 degrees Celsius.,正確な気温はセ氏22.68度です。,2021-11-9,2021-11-9
177,16,"""Naomi likes to show off her perfect figure. I wish I were thin like her. I envy her.""\n""You could go on a diet.""",「ナオミは自分の完璧なスタイルをひけらかしたがる。私も彼女みたいに痩せていればなあ。彼女が羨ましいわ。｣ ｢ダイエットすれば。」,2021-11-9,2021-11-9
178,16,"I fell in love with Naomi at first sight. Three months later, I took a chance and proposed to her, but she turned me down.",ナオミに一目惚れした。３ケ月後、思い切って彼女にプロポーズしてみたが振られてしまった。,2021-11-9,2021-11-9
179,16,"I met the man by chance. He's gentle and smart. What's more, he's single!",偶然その人に出会ったの。優しくて頭もいいの。おまけに独身！,2021-11-9,2021-11-9
180,16,His nephew was brought up to be modest and considerate.,彼の甥は、謙虚で思いやりのある人になるように育てられた。,2021-11-9,2021-11-9
181,16,"I introduced Bob to my folks, and they took to him at once.",私の両親にボブを紹介したら、二人ともすぐに彼のことが好きになった。,2021-11-9,2021-11-9
182,16,People should be judged not so much by how they look as by who they are.,人は外見ではなく、むしろ中身で判断されるべきだ。,2021-11-9,2021-11-9
183,16,"""It's not your title that counts. That's for sure!"" exclaimed Bob.",「大切なのは肩書きなんかじゃない。絶対そうだ！」と、ボブは語気を強めて言った。,2021-11-9,2021-11-9
184,16,"As a self-made man put it, ""A man of vision will make good in the end.""",自分の力で成功をつかんだ人が言ったように、「先見の明のある人は最後には成功する」。,2021-11-9,2021-11-9
185,16,Keep in mind that youth is not eternal,若さが永遠のものではないことを忘れてはいけない。,2021-11-9,2021-11-9
186,17,I can't figure out why on earth everybody feels so much contempt for Bob!,いったいなぜみんながそれ程までにボブを軽蔑するのか、僕にはわからない。,2021-11-9,2021-11-9
187,17,I can't help laughing at him because he keeps on making stupid mistakes. He'd be the last person to learn his lesson.,彼のことを笑わずにはいられない。ばかな間違いを繰り返すからね。きっと彼は懲りないんだろうな。,2021-11-9,2021-11-9
188,17,"To make matters worse, he isn't even conscious of annoying us.",さらに厄介なことに、彼は私たちに迷惑をかけていることさえわかっていない。,2021-11-9,2021-11-9
189,17,"Since I was in a hurry, I put my gloves on inside out by mistake.",慌てていたから、手袋を間違えて裏返しにはめてしまった。,2021-11-9,2021-11-9
190,17,"Dave is fat and clumsy. When he leaped over the shallow stream, he stumbled and twisted his ankle.",デイブはデブでドジ。浅い小川を飛び越えた時に、つまずいて足首を捻挫したんだ。,2021-11-9,2021-11-9
191,17,"""I'm scared of heights.""\n""You're a coward!""",「僕、高所恐怖症なんだ。」 「弱虫っ！」,2021-11-9,2021-11-9
192,17,"The passive man seldom, if ever, expresses himself in public.",消極的なその男性が、人前で自己表現をすることはまずない。,2021-11-9,2021-11-9
193,17,Nick convinced me that all superstitions are irrational.,迷信はすべて根拠のないものだということが、ニックに言われてよくわかった。,2021-11-9,2021-11-9
194,17,I tremble with fear at the thought of an injection.,注射のことを考えると、怖くて震えてしまう。,2021-11-9,2021-11-9
195,17,"Since Bob is lazy at heart, he frequently neglects his duties.",ボブは根が怠け者だから、与えられた仕事をしばしば怠る。,2021-11-9,2021-11-9
196,17,"While Bob was at work, Jennifer was at home absorbed in silly soap opera.",ボブが働いている間、ジェニファーは家でくだらないメロドラマに夢中になっていた。,2021-11-9,2021-11-9
197,17,"Bob likes cartoons, but I don't think much of them. As a matter of fact, they're boring",ボブはマンガ好きだけど、僕にはそれほどいいものとは思えない。実際、つまらないよ。,2021-11-9,2021-11-9
198,18,"It occurred to me that he was holding something back, because he wouldn't look me in the eye.",彼が私の目を見ようとしなかったので、何かを隠していると思った。,2021-11-9,2021-11-9
199,18,"When her patience gave out, she grabbed his collar and swore at him.",彼女は我慢しきれなくなり、襟首をつかんで彼をののしった。,2021-11-9,2021-11-9
200,18,"I must admit we quarrel every now and then, but generally we're on good terms with each other.",確かに、私たちは時々口げんかもしますが、普段は仲良くやっています。,2021-11-9,2021-11-9
201,18,"""Do you mind if I stop by your house?""\n""No, not at all. Be my guest!""",「君の家に寄ってもいいかい？」 「もちろんいいわよ。気兼ねなく！」,2021-11-9,2021-11-9
202,18,Hold on. I'll be right back. Don't hang up!,ちょっと待ってて。すぐ戻るから。切らないでよ！（電話で）,2021-11-9,2021-11-9
203,18,"I can't put you up. For one thing, my dad drop in on me from time to time.",うちには泊められないわ。一つには、時々お父さんがふらっとやって来るから。,2021-11-9,2021-11-9
204,18,"While Jennifer was standing still, Bob was pacing back and forth along the sidewalk.",ジェニファーがじっと立っている間、ボブは歩道を行ったり来たりしていた。,2021-11-9,2021-11-9
205,18,"""Let's make up, Lisa.""\n""Stop taking me for granted! We're through for good this time. I mean it!""",「仲直りしようよ、リサ。」 「私がいて当然だなんて思わないで。私たち、今度は永遠に終わりよ。本気なんだから！」,2021-11-9,2021-11-9
206,18,"Come on! Don't get so emotional, Lisa. I didn't mean to hurt you. Let's talk it over.",おい！リサ、そう感情的になるなよ。君を傷つけるつもりじゃなかったんだ。じっくり話し合おう。,2021-11-9,2021-11-9
207,18,"""You betrayed me!""\n""Please forgive me. How can I make it up to you?""\n""I'll get even!""",「私を裏切ったわね！」 「許してくれよ。どうしたら埋め合わせができるかなあ？」 「仕返ししてやるっ！」,2021-11-9,2021-11-9
208,18,You should confess your sins rather than conceal them.,自分の罪は隠しておかずに告白したほうがいい。,2021-11-9,2021-11-9
209,18,Keep your word; otherwise you'll end up losing face.,約束は守りなさい。そうしないと評判を落としますよ。,2021-11-9,2021-11-9
210,18,Bob sticks to his moral principles and believes that honesty pays off in the long run.,ボブは自分の道徳的信条を曲げない男だ。正直でいれば最後には報われると信じている。,2021-11-9,2021-11-9
211,18,"""Cheer up! You couldn't help it.""\n""I did my best.""\n""I know. Don't dwell on the past. You can start over!""",「元気を出して。仕方ないわ。」 「やれるだけのことはやったんだ。」 「わかってる。過ぎたことにくよくよしないで。やり直せるわよ！」,2021-11-9,2021-11-9
212,19,"""Jane, please do me a favor and give me a ride to Times Square.""\n""I wish I could, but I'm tied up right now.""",「ジェーン、タイムズ・スクエアまで乗せて行って欲しいんだけど。」 「そうしてあげたいのは山々だけど。今、全然時間がないの。」,2021-11-9,2021-11-9
213,19,"As usual, Mike turned up on time. He's very punctual.",いつものように、マイクは時間通りに現れた。本当に時間に正確な人だ。」,2021-11-9,2021-11-9
214,19,The other day I ran out of gas in the middle of a busy Interstate.,この前、混雑した幹線道路の真ん中でガス欠してしまった。,2021-11-9,2021-11-9
215,19,"A truck driving ahead of me skidded, turned over, and scattered its load all over the road.",私の前を走っていたトラックがスリップして横転し、積み荷を路面いっぱいに散乱させた。,2021-11-9,2021-11-9
216,19,He recalled that a collision had been avoided by sheer luck.,衝突を避けられたのは運が良かっただけ、と彼は回想した。,2021-11-9,2021-11-9
217,19,"In case of an emergency, get in touch with my agent right away.",緊急の際には、すぐに私の代理人と連絡を取って下さい。,2021-11-9,2021-11-9
218,19,"""Jane, where are we heading?""\n""I think we're lost. We went in the wrong direction.""\n""Damn! Pull over!""",「ジェーン、俺たちはどこに向かってるんだ？」 「迷ったみたい。違う方向に来ちゃったわ。」 「何だよ。車を止めてくれ！」,2021-11-9,2021-11-9
219,19,"My rusty Ford broke down, obstructing the intersection.",僕のさびついたフォードが故障して、交差点をふさいでしまった。,2021-11-9,2021-11-9
220,19,"There are so many fine scratches and dents on its surface, it's no use polishing it.",表面に細かい傷やへこみがたくさんあるから、磨いても無駄だよ。,2021-11-9,2021-11-9
221,19,"""Hey, we're stuck in a traffic jam!""\n""Chill out, Joe. Let's take a shortcut! We'll get there in time.""",「おい、渋滞にはまっちゃったよ！」 「熱くならないで、ジョー。近道しましょう。時間までには着けるわ。」,2021-11-9,2021-11-9
222,19,"""I've got a flat tire. Can you give me a hand?""\n""I'd be glad to.""",「パンクしちゃったよ。手を貸してくれる？」 「喜んで。」,2021-11-9,2021-11-9
223,19,The ambulance went out of control and came close to running over a pedestrian.,ハンドルがきかなくなった救急車が、危うく歩行者をひきそうになった。,2021-11-9,2021-11-9
224,20,He contends that primitive life once existed on Mars.,火星にはかつて原始的な生物が存在していたと彼は力説している。,2021-11-9,2021-11-9
225,20,The crew is busy preparing for the voyage into outer space.,乗組員たちは宇宙への航海の準備に忙しい。,2021-11-9,2021-11-9
226,20,They conducted a series of experiments under zero gravity.,彼らは無重力状態で一連の実験をおこなった。,2021-11-9,2021-11-9
227,20,Many astronomers assume that the universe will expand infinitely.,多くの天文学者は、宇宙は無限に膨張を続けていくものと考えている。,2021-11-9,2021-11-9
228,20,The astronauts were greeted with spontaneous applause.,宇宙飛行士たちは自然と沸き起こった拍手で迎えられた。,2021-11-9,2021-11-9
229,20,A fund was set up with a view to preserving our endangered planet.,滅亡の危機に瀕した地球を守ろうと、ある基金が設立された。,2021-11-9,2021-11-9
230,20,The massive flood paralyzed the local transportation network.,大洪水で現地の交通網が麻痺した。,2021-11-9,2021-11-9
231,20,The equator divides the globe into two hemispheres.,赤道は地球を二つの半球に分ける。,2021-11-9,2021-11-9
232,20,I think it's cruel to trap animals for fur coats.,毛皮のコートのために動物を罠で捕獲するのは残酷なことだ。,2021-11-9,2021-11-9
233,20,The organization plays a principal role in wildlife conservation.,その団体は野生動物の保護において、最も重要な役割を果たしている。,2021-11-9,2021-11-9
234,20,Many fragile species are on the verge of extinction.,多くの弱い生物種が絶滅の危機に瀕している。,2021-11-9,2021-11-9
235,20,The prolonged drought did severe damage to the crops.,長引く干ばつが収穫に甚大な被害をもたらした。,2021-11-9,2021-11-9
236,20,"Tropical rain forests are quickly disappearing on a global scale. In part, it's due to acid rain.",熱帯雨林の消滅が地球規模で急速に進んでいます。その原因の一つは酸性雨です。,2021-11-9,2021-11-9
237,20,It is said that global warming is directly related to carbon dioxide emissions.,地球温暖化は、二酸化炭素の排出と直接の関係があると言われている。,2021-11-9,2021-11-9
238,20,The destruction of the ozone layer affects the environment.,オゾン層の破壊は環境に影響を及ぼす。,2021-11-9,2021-11-9
239,20,The committee called on all nations to work side by side to curb air pollution.,委員会は、大気汚染を抑制するために互いに協力し合うよう各国に要請した。,2021-11-9,2021-11-9
240,20,A satellite was launched into orbit to monitor melting glaciers.,溶け続ける氷河を監視するために、人工衛星が軌道に打ち上げられた。,2021-11-9,2021-11-9
241,21,The ecologist has warned us time and again that petroleum is not only a blessing but also a curse.,石油は天の恵みであると同時に災いのもとであると、その生態学者は我々に繰り返し警告してきた。,2021-11-9,2021-11-9
242,21,The continent is abundant in fossil fuels.,その大陸は化石燃料が豊富だ。,2021-11-9,2021-11-9
243,21,The region is relatively rich in mineral resources.,その地域は鉱物資源が比較的豊かだ。,2021-11-9,2021-11-9
244,21,Wheat accounts for approximately two-thirds of agricultural production in the area.,小麦はこの地域の農業生産高のおよそ3分の2を占めている。,2021-11-9,2021-11-9
245,21,Fertile soil is indispensable for a good harvest.,良い収穫を得るためには、肥沃な土壌が不可欠だ。,2021-11-9,2021-11-9
246,21,A humid climate is characteristic of the peninsula.,湿気の多い気候はその半島の特色です。,2021-11-9,2021-11-9
247,21,The active volcano erupts at regular intervals.,その活火山は周期的に噴火する。,2021-11-9,2021-11-9
248,21,The Panama Canal connects the Atlantic with the Pacific.,パナマ運河は大西洋と太平洋をつないでいる。,2021-11-9,2021-11-9
249,21,The geographical features here are similar to those of our prefecture.,ここの地理的特徴は、私たちの県のそれと似ている。,2021-11-9,2021-11-9
250,21,"More often than not, famine is accompanied by plague.",たいてい、飢饉になると疫病も発生する。,2021-11-9,2021-11-9
251,21,"A devastating earthquake hit the state capital, leaving tens of thousands of residents homeless.",壊滅的規模の地震が州都を襲い、数万人の住民が家を失った。,2021-11-9,2021-11-9
252,21,"""Watch out! The ceiling is giving way!""",「気をつけろっ！天井が崩れかけてるぞ！」,2021-11-9,2021-11-9
253,21,The weather forecast says the typhoon is likely to accelerate and approach the coast.,台風は速度を上げて沿岸に接近しそうだと天気予報では言っている。,2021-11-9,2021-11-9
254,21,"""It's still up in the air whether the game will be called off or not.""\n""So what? It makes no difference to me.""",「試合が中止になるかどうか、まだ決まらないんだ。」 「それがどうしたの？私にとってはどうでもいいことだわ。」,2021-11-9,2021-11-9
255,21,"""It's foggy, isn't it?""\n""It sure is. But chances are it'll clear up later on.""",「霧が濃いね。」 「本当ね。でも、たぶんこのあとは晴れるわ。」,2021-11-9,2021-11-9
256,22,"For the most part, modernization is identified with westernization.",ほとんどの場合、近代化は西欧化と同一のことと見なされる。,2021-11-9,2021-11-9
257,22,"Urban culture appears to be attractive to many people, in particular, to younger people.",都会の文化は多くの人々の目には魅力的に映る。とりわけ、若者にとっては。,2021-11-9,2021-11-9
258,22,"""AI stands for ""artificial intelligence.""",AIは人工知能の略です。,2021-11-9,2021-11-9
259,22,Household appliances are becoming more convenient day by day.,家庭用の電化製品は日に日に便利になっている。,2021-11-9,2021-11-9
260,22,"My income is not adequate to provide for my family of four, but we have to make the best of it.",私の収入は四人家族を養うには十分でないけれども、それで何とかやっていくしかない。,2021-11-9,2021-11-9
261,22,The popularity of a website depends on its content.,ホームページの人気は内容次第。,2021-11-9,2021-11-9
262,22,"You've got to keep up with it. Once you fall behind, it's hard to catch up.",遅れずについていかなくちゃ。一度遅れをとったら追い付くのは大変だよ。,2021-11-9,2021-11-9
263,22,"As technology rapidly advances, it's tough to keep pace with it.",技術は急速に進歩するので、遅れを取らずについていくのは大変だ。,2021-11-9,2021-11-9
264,22,More and more people are rushing to make use of the interactive nature of the medium.,ますます多くの人々が、その媒体の双方向的な性質を利用しようと躍起になっている。,2021-11-9,2021-11-9
265,22,Innovation has something to do with the ability to notice unusual phenomena.,革新的なものを生み出すこと、それは変わった現象を見逃さない能力と何らかの関係がある。,2021-11-9,2021-11-9
266,22,A bunch of other companies are imitating our excellent methods.,多くの他社が我々の優れた方法を真似している。,2021-11-9,2021-11-9
267,22,The once desolate valley was transformed into a thriving hub of hi-tech business.,かつての荒涼とした盆地が、繁栄を謳歌するハイテクビジネスの中心地に変ぼうした。,2021-11-9,2021-11-9
268,22,"Although there's still plenty of room for improvement, his invention is superior to conventional equipment in every respect.",まだ改善の余地はたくさんあるけれども、彼の発明品はあらゆる点で従来の機器よりも優れている。,2021-11-9,2021-11-9
269,22,The strength of the firm is attributed to its unique and future-oriented strategies.,その会社の強さは、他社にない未来志向の戦略によって生み出されている。,2021-11-9,2021-11-9
270,22,SONY has integrated a wide range of functions into this cool gadget. It's catching on from coast to coast.,ソニーはこのスゴイ機器に多岐にわたる機能を統合させた。全米で評判になり始めている商品だ。,2021-11-9,2021-11-9
271,22,"This tool comes in handy, so I always keep it close at hand.",この道具は何かと便利だから、いつも手元に置いています。,2021-11-9,2021-11-9
272,22,"""In general, consumers prefer quantity to quality.""\n""It's the other way around today.""",「一般的に、消費者は質よりも量を選びます。」 「今は全く逆です。」,2021-11-9,2021-11-9
273,23,"Obviously, the advertisement is aimed at teenagers.",明らかにその広告は10代の若者層をターゲットにしている。,2021-11-9,2021-11-9
274,23,"The factory now under construction will assemble 1,000 VCR units per day.",現在建設中のその工場は、一日当たり1000台のビデオデッキを組立てることになる。,2021-11-9,2021-11-9
275,23,Efficient machinery replaced manual labor.,効率的な機械が、肉体労働に取って代わった。,2021-11-9,2021-11-9
276,23,"In those days, the gigantic corporation had a virtual monopoly over internal commerce.",当時、その巨大企業が国内の商業を事実上独占していた。,2021-11-9,2021-11-9
277,23,"With restrictions removed, thousands of new enterprises have come into being.",制限が解除され、数千の新しい企業が誕生した。,2021-11-9,2021-11-9
278,23,"As a result of his ridiculous venture, he is in danger of going bankrupt.",ばかげた新事業の結果、彼は破産の危機に瀕している。,2021-11-9,2021-11-9
279,23,"Compared to the previous year, business is looking up in terms of sales. However, we haven't made any profit yet.",昨年と比べて、売上の数字だけを見れば事業は上向いている。しかしながら、利益はまだ全く出ていない。,2021-11-9,2021-11-9
280,23,"""I'm going to be transferred to an overseas branch.""\n""Oh, I'll miss you. Please drop me a line.""",「海外の支店に転勤することになったよ。」 「えっ。寂しくなるわ。手紙でも下さいね。」,2021-11-9,2021-11-9
281,23,"While he was away on business, his wife gave birth to a baby boy.",彼が出張中に、奥さんが男の子の赤ちゃんを出産した。,2021-11-9,2021-11-9
282,24,"Apparently, Nick wasn't willing to take on the task because it would just add to his burdens.",どうやらニックは、自分の負担が増えるからその仕事を引き受けたがらなかったようだ。,2021-11-9,2021-11-9
283,24,"Bob had intended to take her out tonight, but he had to work overtime.",ボブは今夜、彼女とデートするつもりだったが、残業になってしまった。,2021-11-9,2021-11-9
284,24,"Please estimate the losses by Friday at the latest. ""I'll manage it somehow.""",「遅くとも金曜日までには損失の見積りを出して下さい。」 「何とかやってみましょう。」,2021-11-9,2021-11-9
285,24,"""Nick, I'm counting on you.""\n""OK, I'll see to it.""\n""Thanks, I appreciate it.""\n""Don't mention it.""",「頼りにしてるわ、ニック。」 「大丈夫、きちんとやっておきます。」 「ありがとう。感謝するわ。」 「いいんですよ。」,2021-11-9,2021-11-9
286,24,He pretends to be enthusiastic when his boss is around.,彼は上司がそばにいる時は熱心なふりをする。,2021-11-9,2021-11-9
287,24,He got promoted at the expense of his colleagues. He should be ashamed of himself.,彼は同僚を踏み台にして出世した。恥を知るべきだ。,2021-11-9,2021-11-9
288,24,"As the recession set in, temporary employees were laid off one after another.",景気の後退が始まると、短期契約社員たちは次々に一時解雇を言い渡された。,2021-11-9,2021-11-9
289,24,"Nowadays, many people are out of work against their will. Who is responsible for that?",最近では、多くの人々が職に就きたくても就けないでいる。誰の責任だろう？,2021-11-9,2021-11-9
290,24,"I've gotten pessimistic, and I'm worried about something I would never have been concerned about before.",私も悲観的になってきて、以前は決して気にならなかったことに不安を感じている。,2021-11-9,2021-11-9
291,24,"Today, even white-collar workers are confronted with great hardships.",今日では、サラリーマンでさえ大変な苦難に直面している。,2021-11-9,2021-11-9
292,24,The authorities are striving in vain to stabilize the currency.,当局は通貨を安定させようと懸命だが、どうにもならない。,2021-11-9,2021-11-9
293,24,We've come to the conclusion that nothing is more urgent than reducing Japan's huge deficit,日本の膨大な赤字を削減することが何よりも緊急を要することだ、という結論に我々は達した。,2021-11-9,2021-11-9
294,25,The questionnaires were distributed at random.,アンケート用紙が無作為に配布された。,2021-11-9,2021-11-9
295,25,All you have to do is fill in the blanks below. (Please print in black or blue ink.),以下の空欄部分にご記入いただくだけで結構です。（黒または青インクではっきりと書いて下さい）,2021-11-9,2021-11-9
296,25,"In addition to a 10% discount, you can pick out an optional excursion for free.",10%の割引に加えて、無料のオプションツアーを一つ選択できます。,2021-11-9,2021-11-9
297,25,Round-trip fares to each destination are as follows.,各目的地までの往復料金は下記の通りです。,2021-11-9,2021-11-9
298,25,"""Don't forget to confirm your reservation in advance.""\n""I won't.""",「事前に予約の確認をするのを忘れないでね。」 「ええ。」,2021-11-9,2021-11-9
299,25,Be sure to check in at least 45 minutes prior to departure time.,遅くとも出発時刻の45分前には搭乗手続きを必ず完了させて下さい。,2021-11-9,2021-11-9
300,25,"I attached my name tag to my baggage, but it soon came off.",自分の荷物に名札を付けたけれども、すぐに取れてしまった。,2021-11-9,2021-11-9
301,25,"On average, these packages weigh two pounds.",これらの小包の重さは平均すると2ポンドです。,2021-11-9,2021-11-9
302,25,This plastic garbage bag is free of hazardous chemicals.,このビニール製のゴミ袋は有害な化学物質を含んでいません。,2021-11-9,2021-11-9
303,25,This flashlight is getting dim. It needs new batteries.,この懐中電灯は明かりが弱くなってきた。電池を入れ替えないと。,2021-11-9,2021-11-9
304,26,Excuse me. How often do the shuttle buses run to downtown New York?,すみません。ニューヨーク市街に行くシャトルバスはどの位の間隔で走ってますか？,2021-11-9,2021-11-9
305,26,The motel can accommodate as many as 400 guests.,そのモーテルは400人もの宿泊客を泊められる。,2021-11-9,2021-11-9
306,26,This suite is three times larger than my condominium.,このスイートルームは、私の持っているマンションの3倍の広さだ。,2021-11-9,2021-11-9
307,26,Littering in this facility is subject to a maximum fine of $500.,この施設内でのゴミの投げ捨てには、最高500ドルの罰金が科せられることがあります。,2021-11-9,2021-11-9
308,26,That restaurant is always packed. We'd better make a reservation beforehand.,あのレストランはいつでも混んでいるから、事前に予約をした方がいい。,2021-11-9,2021-11-9
309,26,"Sorry to interrupt your meal but I'd like a word with you in private. ""Can I get back to you later?""",「食事の邪魔をして悪いんだけど、ちょっと内密に話がしたいの。」 「後で君のところに行くよ。」,2021-11-9,2021-11-9
310,26,The cook was astonished at his incredible appetite.,料理人は彼の信じられないほどの食欲にとても驚いた。,2021-11-9,2021-11-9
311,26,"""What's going on down there? I'm curious.""\n""I have no idea.""",「下で何が起こっているの？ すごく気になるわ。」 「さあ、何だろう。」,2021-11-9,2021-11-9
312,26,Excited fans were hanging around the rear exit hoping to catch a glimpse of Michael.,興奮したファンたちが、マイケルを一目見ようと裏口に群がっていた。,2021-11-9,2021-11-9
313,26,"On encountering the celebrity, they asked for his autograph.",彼らは有名人と出くわすなり、サインをねだった。,2021-11-9,2021-11-9
314,27,"Whenever I go abroad, I suffer from jet lag and diarrhea.",海外に行くと必ず、時差ボケと下痢に悩まされる。,2021-11-9,2021-11-9
315,27,"""I feel sort of dizzy and I feel like throwing up.""\n""You look pale!""",「何だか目まいと吐き気がするよ。」 「顔が真っ青よ。」,2021-11-9,2021-11-9
316,27,Take some aspirin. It will cure you of your headache in no time.,鎮痛剤を飲めば、すぐに頭痛は治まります。,2021-11-9,2021-11-9
317,27,"""I'm afraid I'm coming down with something.""\n""You should take a day off.""",「何だか体調が悪いなあ。」 「一日休みを取った方がいいわよ。」,2021-11-9,2021-11-9
318,27,"Some of the ingredients in this beverage are harmful, especially if you are pregnant.",この飲料に含まれている成分には有害なものもある。とりわけ、妊娠中の人にとっては。,2021-11-9,2021-11-9
319,27,Good nutrition is vital for an infant's growth.,十分な栄養摂取は幼児の発育にとって極めて重要です。,2021-11-9,2021-11-9
320,27,Moderate exercise stimulates the circulation of the blood.,適度な運動は血行をよくする。,2021-11-9,2021-11-9
321,27,My physician advised me to refrain from alcohol for the time being.,当分の間は酒を控えるようにと、医者に忠告された。,2021-11-9,2021-11-9
322,27,"I do want to get into shape and lose some weight, so I go swimming every morning.",本当に体調を良くしたいし、減量もしたいから、毎朝泳ぎに行っています。,2021-11-9,2021-11-9
323,27,He caught a nasty cold because he stayed up late last night.,昨日の夜更かしがたたって、彼はひどい風邪をひいた。,2021-11-9,2021-11-9
324,27,The surgeon persuaded him to undergo an organ transplant.,外科医に説得されて、彼は臓器移植手術を受けることにした。,2021-11-9,2021-11-9
325,27,"Since our father is bedridden, we take turns looking after him.",父が寝たきりなので私たちが交代で面倒を見ています。,2021-11-9,2021-11-9
326,27,Our hypothesis is that eating excessive amounts of junk food contributes to early mortality.,ジャンクフードの過剰な摂取は早死にの一因になる、というのが我々の仮説だ。,2021-11-9,2021-11-9
327,27,The government did not take appropriate measures to prevent the infection from spreading.,政府は感染の拡大を未然に防ぐための適切な措置を取らなかった。,2021-11-9,2021-11-9
328,27,The minister was obliged to resign from the Cabinet.,その大臣は内閣からの辞任を余儀なくされた。,2021-11-9,2021-11-9
329,28,Many people regard the current compulsory education system as being obsolete.,多くの人々は、現行の義務教育制度が時代遅れであると考えている。,2021-11-9,2021-11-9
330,28,Many people encouraged me to fulfill my ambitions.,大きな目標を実現するようにと、たくさんの人が私を励ましてくれた。,2021-11-9,2021-11-9
331,28,"To make his dreams come true, he dropped out of school and made his way to Tokyo.",自分の夢を実現させるために、彼は学校を中退して東京を目指した。,2021-11-9,2021-11-9
332,28,"""What do you do?""\n""I'm a college student, a freshman at Harvard.""\n""What's your major?""\n""Philosophy.""",「普段は何をなさっているんですか？」 「大学生です。ハーバードの1年です。」 「専攻は？」 「哲学です。」,2021-11-9,2021-11-9
333,28,"Tuition will be raised by nearly ten percent as of April 1, 2001.",2001年4月1日から授業料が10%近く値上げになります。,2021-11-9,2021-11-9
334,28,"""I'm of two minds whether to apply for the scholarship or not.""\n""Give it a try!""",「奨学金を申し込もうかどうか悩んでいるの。」 「やるだけやってみなよ！」,2021-11-9,2021-11-9
335,28,"As soon as he graduated from Keio University, he took over his family's business.",彼は慶応大学を卒業するとすぐに家業を継いだ。,2021-11-9,2021-11-9
336,28,You aren't cut out for the military because of its rigid discipline.,軍の規律は厳格だから、あなたはそっちの世界に向かないわ。,2021-11-9,2021-11-9
337,28,I am determined to make a living as a playwright at all costs.,私はどんな犠牲を払ってでも、脚本家で食べていくと心に決めている。,2021-11-9,2021-11-9
338,28,"As he grew up, he learned to put things in perspective.",彼も大人になって、物事を総合的な視野で見られるようになった。,2021-11-9,2021-11-9
339,28,Conformity is an essential element of our homogeneous community.,同じような人々からなる私たちの地域社会では、体制に従おうとする意識は不可欠な要素である。,2021-11-9,2021-11-9
340,28,I'd rather go my own way than toil away for a company. Trying to fit into a mold gets me nowhere!,会社のためにあくせく働くよりは、我が道を行くほうがいい。型にはまろうとしたって何の得にもならないよ！,2021-11-9,2021-11-9
341,28,"Tom takes after his uncle in personality. I mean, he is obstinate by nature. He never gives in.",トムは性格が彼のおじに似ている。つまりその、生まれつきの頑固者。彼は絶対に折れない。,2021-11-9,2021-11-9
342,29,"When the time is ripe, be bold and go for it! I'll stand by you.",機が熟したら、大胆に突き進むんだ！僕がいつもそばにいる。,2021-11-9,2021-11-9
343,29,I'll stand up for what I believe in and won't yield to any threats.,自分の信念を守るためには立ち上がるし、いかなる脅威にも屈しないつもりだ。,2021-11-9,2021-11-9
344,29,"""If only I could conquer my weaknesses!""\n""It's up to you.""",「自分の弱点を克服できさえすればなあ。」 「あなた次第よ。」,2021-11-9,2021-11-9
345,29,You should make the most of this rare opportunity to demonstrate your talent.,自分の才能を示すために、めったにないこの機会を最大限に利用するべきだ。,2021-11-9,2021-11-9
346,29,You won't let me down. I have great faith in you. You can make it!,僕をがっかりさせないよね。信頼しているよ。君ならうまくやれるさ！,2021-11-9,2021-11-9
347,29,The spectators were moved by her graceful performance.,観客たちは彼女の優雅な演技に感動した。,2021-11-9,2021-11-9
348,29,"In 1995, Ando received architecture's most prestigious award.",1995年、安藤氏は建築における最も権威ある賞を受賞した。,2021-11-9,2021-11-9
349,29,"In the face of adversity, Mike accomplished an extraordinary feat. He deserves praise.",逆境をものともせず、マイクはすばらしい偉業を成し遂げた。称賛を受けるのは当然だ。,2021-11-9,2021-11-9
350,29,The audience was impressed by his eloquent lecture.,聴衆は彼の説得力のある講義に感銘を受けた。,2021-11-9,2021-11-9
351,29,"From a humble background, John achieved worldwide fame.",庶民の身から、ジョンは世界的な名声を勝ち取った。,2021-11-9,2021-11-9
352,29,He accumulated a tremendous fortune during the postwar era.,彼は戦後に莫大な財産を築いた。,2021-11-9,2021-11-9
353,29,"He used to be well off and generous, but now he lives from hand to mouth.",彼は以前は裕福で気前もよかったけれど、今ではその日暮らしだ。,2021-11-9,2021-11-9
354,30,Nick is by no means satisfied with the reward. He is selfish and greedy.,ニックはその報酬に満足していない。彼は自己中心的で欲が深い。,2021-11-9,2021-11-9
355,30,"""You owe me $200 altogether, Bob. When are you going to pay me back?""\n""I'm sorry. I'm hard up.""\n""There you go again!""",「全部で200ドル貸してるの、ボブ。いつ返すつもりなの？」 「ごめん、金欠なんだ。」 「またなの？」,2021-11-9,2021-11-9
356,30,"To Brian's surprise, his debt amounted to a considerable sum.",ブライアンが驚いたことに、借金はかなりの額になっていた。,2021-11-9,2021-11-9
357,30,"Stop clinging to your glory days, or you'll be left behind.",過去の栄光にしがみつくのはやめないと、取り残されるわよ。,2021-11-9,2021-11-9
358,30,"You cannot escape from today's harsh realities, so you must adapt to them.",今日の厳しい現実からは逃れられない以上、それに順応しなければならない。,2021-11-9,2021-11-9
359,30,"Prosperity does not last forever. In other words, it will come to an end one of these days.",繁栄は永遠に続くものではない。つまり、いつかは終わりを迎えるものだ。,2021-11-9,2021-11-9
360,30,Proper qualifications are required for the position; computer literacy is a must.,その職種には相応の資格や能力が必要で、コンピューターが使えることは絶対条件である。,2021-11-9,2021-11-9
361,30,Enclose your resume in this envelope and submit it to the personnel department.,この封筒に履歴書も入れて人事部に提出して下さい。,2021-11-9,2021-11-9
362,30,It's optimistic of you to believe that things will work out. At best there's a fifty-fifty chance.,物事がうまく行くと信じるなんて君も楽観的だね。可能性はせいぜい50%だよ。,2021-11-9,2021-11-9
363,30,Registration forms can be obtained free of charge.,登録用紙は無料で入手できます。,2021-11-9,2021-11-9
364,30,Please give us a call now if you want to participate in the workshop!,この講習会に参加をご希望の方は、今すぐお電話下さい。,2021-11-9,2021-11-9
365,30,"For further inquiries, please feel free to contact us toll-free at 1-800-555-1212.",さらにご質問がありましたら、どうぞご遠慮なくフリーダイヤル1-800-555-1212までお電話ください。,2021-11-9,2021-11-9
366,31,"""How's it going, Bob?""\n""Couldn't be better! I did well in my job interview!""\n""Good for you!""",「ボブ、最近どう？」 「最高だよ！就職面接がうまくいったんだ。」 「やったじゃない！」,2021-11-9,2021-11-9
367,31,"He gave instructions to the trainees, but they couldn't make heads or tails of them.",研修生たちは、彼から与えられた指示がさっぱりわからなかった。,2021-11-9,2021-11-9
368,31,You can't do two things at one time! It's out of the question. Do them one by one.,一度に二つのことはできないよ。無理に決まってる。一つずつやりなよ。,2021-11-9,2021-11-9
369,31,"""Bob, don't disturb her. Mind your own business,"" he whispered.",「ボブ、彼女の邪魔をしちゃだめだぞ。ちょっかいを出すなよ。」と彼は小声で言った。,2021-11-9,2021-11-9
370,31,"If you persist in bothering her like that, she'll lose her temper.",そうやってしつこく彼女を困らせると、彼女も怒り出すぞ。,2021-11-9,2021-11-9
371,31,He was so childish that he couldn't resist temptation.,彼はあまりに子供だから誘惑に勝てなかった。,2021-11-9,2021-11-9
372,31,"""Stop making a fuss. It really gets on my nerves!"" she shouted.",「ぎゃあぎゃあ言うのはやめて。本当にいらいらするわ。」と彼女は叫んだ。,2021-11-9,2021-11-9
373,31,"There's no point in talking back to Nick. He is a ""dictator,"" so to speak.",ニックに口答えしたって無駄だよ。言ってみりゃ彼は独裁者さ。,2021-11-9,2021-11-9
374,31,"They are very polite in his presence, but actually, they always talk about him behind his back.",彼女たちは彼の前ではとても礼儀正しいが、実際には、いつも陰口を叩いている。,2021-11-9,2021-11-9
375,31,"""You despise Nick, don't you?""\n""On the contrary! I look up to him.""",「ニックを軽蔑しているんだろう？」 「とんでもない！尊敬しているわ。」,2021-11-9,2021-11-9
376,31,His constant insults aroused her anger.,彼の絶え間ない侮辱が、彼女の怒りをかき立てた。,2021-11-9,2021-11-9
377,31,I'm fed up with just shuffling papers and pouring coffee. I've made up my mind to quit!,書類の整理とかお茶くみには、ほとほとうんざり。会社を辞めることにしたわ！,2021-11-9,2021-11-9
378,31,"In reality, many people have difficulty making ends meet. How can you get by on 100,000 yen a month?",実際、多くの人々が家計のやりくりに苦労している。月々10万円でどうしたらやっていけるだろう？,2021-11-9,2021-11-9
379,31,"Female clerks may well complain about their routines, which are not challenging at all.",女性職員が自分たちの日常業務に不満を言うのももっともだ。全くやりがいの無い仕事だから。,2021-11-9,2021-11-9
380,31,"Thanks to a fundamental restructuring, our surplus has swelled threefold.",抜本的に事業の再構築をおこなったおかげで、当社の黒字は3倍に膨らんだ。,2021-11-9,2021-11-9
381,31,Many people today think of loyalty to a company as an absurd notion.,現在の多くの人が、会社に対する忠誠はばかげた考えだと思っている。,2021-11-9,2021-11-9
382,31,I have to commute all the way from a distant suburb. I'm sick of it!,僕は遠い郊外からわざわざ通勤しなければならない。もううんざりだ！,2021-11-9,2021-11-9
383,32,I want to spend the rest of my life pursuing my ideals.,余生は自分の理想の追求に費やしたい。,2021-11-9,2021-11-9
384,32,"After retirement, Teresa devoted herself to caring for orphans.",現役を引退した後、テレサは孤児の世話に一身を捧げた。,2021-11-9,2021-11-9
385,32,"For the sake of children in need, we cooperated to collect donations.",困っている子どもたちのために、私たちは募金活動に協力した。,2021-11-9,2021-11-9
386,32,The charity is named after a man who gave away some two billion yen.,その慈善団体には、およそ20億円の寄付をした人物の名前が付けられている。,2021-11-9,2021-11-9
387,32,His autobiography was released today and was sold out by noon.,彼の自叙伝が今日発売され、午前中に完売した。,2021-11-9,2021-11-9
388,32,"Ted, who is often referred to as a man of integrity, is going to run for mayor.",高潔な人物だと度々称されるテッドが、市長に立候補する。,2021-11-9,2021-11-9
389,32,The candidate was disappointed by the outcome of the election.,その候補者は選挙結果に落胆した。,2021-11-9,2021-11-9
390,32,The municipal council should concentrate more on specific issues.,市議会は具体的な問題にもっと焦点を当てるべきだ。,2021-11-9,2021-11-9
391,32,It is the case that those who live on a pension are forced to lead a hard life.,年金生活者が厳しい生活を強いられているというのは事実です。,2021-11-9,2021-11-9
392,32,We should leave out this data. It's far from accurate.,このデータは除外した方がいい。正確と言うにはほど遠いものだ。,2021-11-9,2021-11-9
393,33,We tend to associate politicians with hypocrisy.,私たちは政治家というと偽善を連想しがちだ。,2021-11-9,2021-11-9
394,33,"They are primarily concerned with exploiting us, not with enhancing our living standards.",彼らの一番の関心事は、私たちの生活水準を高めることではなく、私たちから搾取することだ。,2021-11-9,2021-11-9
395,33,"The man once exerted a dominant influence on the conservative party, but now his power is diminishing.",その男はかつて保守政党に対して支配的影響力を及ぼしていたが、今では彼の力も弱まっている。,2021-11-9,2021-11-9
396,33,"The spokesperson refused to make any comment, saying, ""It's under investigation.""",報道担当者は「調査中です」と言って一切のコメントを拒否した。,2021-11-9,2021-11-9
397,33,The police say there's someone pulling strings behind the scenes.,背後で糸を引いている人物がいると警察は言っている。,2021-11-9,2021-11-9
398,33,"The executives entertained the bureaucrats at ryotei, or exclusive Japanese restaurants, hoping for something in return.",役員たちは何らかの見返りを期待して、官僚たちを料亭、すなわち、高級な日本料理店で接待した。,2021-11-9,2021-11-9
399,33,His secretary flatly denied leaking any confidential information.,彼の秘書は機密情報をいっさい漏らしていないと明言した。,2021-11-9,2021-11-9
400,33,No one dares to contradict his/her employer for fear of being fired.,クビになるのが怖いから、雇用主にあえて逆らおうとする人は誰一人としていない。,2021-11-9,2021-11-9
401,33,He sacrificed his promising career to retain his dignity.,彼は自分の尊厳を守るために、将来有望な経歴を犠牲にした。,2021-11-9,2021-11-9
402,33,I might as well kill myself as reconcile myself to my fate.,自分の運命に甘んじるくらいなら自殺した方がましだ。,2021-11-9,2021-11-9
403,33,He was about to commit suicide by swallowing poison when he thought better of it.,毒物を飲んで自殺しようとした直前に彼は思いとどまった。,2021-11-9,2021-11-9
404,34,"The vague rumor proved to be false. Nevertheless, some skepticism lingers on.",その曖昧な噂は嘘だとわかった。だがそれでも、多少の疑いはまだ残る。,2021-11-9,2021-11-9
405,34,"A senior official is suspected of accepting bribes from a company, but there isn't sufficient evidence to arrest him.",ある政府高官が企業から賄賂を受け取った容疑をかけられている。しかし、逮捕するには証拠が不十分だ。,2021-11-9,2021-11-9
406,34,"Jason, who was in charge of the project, was dismissed for corruption.",そのプロジェクトの責任者であったジェイソンが、汚職に手を染めた理由で解任された。,2021-11-9,2021-11-9
407,34,"To my knowledge, he has not been involved in the fraud scheme.",私の知る限り、彼はその詐欺の企みには関与していません。,2021-11-9,2021-11-9
408,34,They found out the truth while examining a pile of relevant documents.,関連書類の山を調べていくうちに、彼らは真実をつかんだ。,2021-11-9,2021-11-9
409,34,During the trial it came to light that they had been covering up illegal transactions for decades.,彼らが数十年にわたって違法取引を隠蔽していたことが、公判中に明らかになった。,2021-11-9,2021-11-9
410,34,"The detective took down his testimony on the spot, word for word.",刑事はその場で、彼の証言を一言一句正確に書き取った。,2021-11-9,2021-11-9
411,34,"For the first time in my life, I felt a pang of conscience, but there was no other way out.",生まれて初めて良心の呵責を感じましたが、そうする以外にその場をしのぐ方法はありませんでした。,2021-11-9,2021-11-9
412,34,I'm still haunted by a vivid nightmare I had last night.,昨日の夜に見た生々しい悪夢がまだ頭から離れない。,2021-11-9,2021-11-9
413,34,"By and large, reporters don't hesitate to intrude on one's privacy.",概して、記者というものは個人のプライバシーを侵害することにためらいを感じない。,2021-11-9,2021-11-9
414,34,The author revised his manuscript over and over again.,著者は何度も何度も原稿を手直しした。,2021-11-9,2021-11-9
415,34,He is second to none when it comes to finding fault with others.,他人の過ちを指摘することにかけては、彼の右に出るものはいない。,2021-11-9,2021-11-9
416,34,"On the whole, the elite are not sensitive to criticism.",概して、エリートたちは批判に対して鈍感だ。,2021-11-9,2021-11-9
417,34,"When a tabloid revealed that he was a drug addict, his reputation was all but ruined.",ある大衆紙に彼は麻薬常用者だと暴露され、彼の評判はほとんど地に落ちた。,2021-11-9,2021-11-9
418,34,They considered every aspect of the defense program and pointed out numerous flaws.,彼らはその防衛計画をあらゆる面から検討し、多数の問題箇所を指摘した。,2021-11-9,2021-11-9
419,35,We will not tolerate anyone who engages in terrorism.,我々は、誰であろうとテロ活動に携わる者に寛容でいるつもりはない。,2021-11-9,2021-11-9
420,35,The notorious rebel was ultimately captured and confined to jail.,悪名高い反乱兵はついに捕らえられ、拘置所に身柄を拘束された。,2021-11-9,2021-11-9
421,35,Troops were swiftly called in to put down the riot.,暴動を鎮圧するために、直ちに軍隊が派遣された。,2021-11-9,2021-11-9
422,35,We should appeal to reason instead of resorting to violence.,私たちは暴力に頼るのではなく、理性に訴えるべきだ。,2021-11-9,2021-11-9
423,35,I suggest we adopt flexible tactics for the moment.,当分の間は柔軟な戦術をとってみてはどうでしょう。,2021-11-9,2021-11-9
424,35,The armed forces succeeded in occupying the entire territory.,軍は全領土を占領することに成功した。,2021-11-9,2021-11-9
425,35,"Under the circumstances, the enemy has no choice but to surrender. They can't hold out any longer.",このような状況では、敵は降伏せざるを得ない。彼らがこれ以上持ちこたえることは不可能だ。,2021-11-9,2021-11-9
426,35,"Sooner or later, the hostages will be set free.",遅かれ早かれ、人質たちは解放されるだろう。,2021-11-9,2021-11-9
427,35,"Under the reign of tyranny, innocent people were deprived of their citizenship.",専制政治による支配のもとで、罪のない人々が市民権を剥奪された。,2021-11-9,2021-11-9
428,35,Some soldiers were reluctant to obey the commands.,その命令にいやいや従う兵士もいた。,2021-11-9,2021-11-9
429,35,His regime is bound to collapse.,彼の政権はきっと崩壊する。,2021-11-9,2021-11-9
430,35,The allies condemned the invasion as a violation of UN resolutions.,同盟諸国はその侵略行為が国連決議に違反するものとして、厳しく非難した。,2021-11-9,2021-11-9
431,35,We cannot rule out the possibility that civil war will break out in that country.,その国で内乱が勃発する可能性がないとは断言できない。,2021-11-9,2021-11-9
432,35,The colony declared independence and became a republic.,その植民地は独立を宣言し、共和国となった。,2021-11-9,2021-11-9
433,36,An immense monument was erected in honor of the noble patriot.,その高潔な愛国者に敬意を表して、巨大な記念碑が建てられた。,2021-11-9,2021-11-9
434,36,He got down on his knees and prayed for the souls of the deceased.,彼はひざまずいて故人の霊に祈りを捧げた。,2021-11-9,2021-11-9
435,36,The Supreme Court is located near the Imperial Palace.,最高裁判所は皇居の近くにある。,2021-11-9,2021-11-9
436,36,The pro-choice group protested against a ban on abortion.,中絶合法賛成派グループが中絶の禁止に対して抗議した。,2021-11-9,2021-11-9
437,36,Senator Ford remained neutral in the bitter controversy.,フォード上院議員はその激しい論争において、中立の立場を守った。,2021-11-9,2021-11-9
438,36,Ford has been in a difficult situation all week long. He is no longer capable of coping with it.,フォード氏はここ一週間ずっと困難な立場に置かれている。もはや、彼にはどうすることもできない。,2021-11-9,2021-11-9
439,36,The summit talks are to be broadcast simultaneously throughout the world.,首脳会談は世界中で同時に放送される予定だ。,2021-11-9,2021-11-9
440,36,Diplomatic dialogue helped put an end to the conflict.,外交的対話のおかげでその紛争に終止符を打つことができた。,2021-11-9,2021-11-9
441,36,Johnson was appointed as a goodwill ambassador to foster understanding between the two nations.,両国の相互理解を深めるために、ジョンソンさんが親善大使に任命された。,2021-11-9,2021-11-9
442,36,The specialist predicts international tension will build up.,その専門家は国際的な緊張が高まっていくと予測している。,2021-11-9,2021-11-9
443,36,"In my opinion, permanent peace is nothing but an illusion.",私の考えでは、恒久的な平和など幻想に過ぎない。,2021-11-9,2021-11-9
444,36,"Ethnic minorities struggle against prejudice, poverty, and oppression.",民族的少数派は偏見、貧困、抑圧と戦っている。,2021-11-9,2021-11-9
445,36,We must make every effort to do away with all discrimination.,すべての差別をなくすために、私たちはあらゆる努力をしなければならない。,2021-11-9,2021-11-9
446,36,The immigrants have endure physical and mental pain.,移民たちは肉体的、精神的苦痛に耐えてきた。,2021-11-9,2021-11-9
447,36,The amendment was rejected because it didn't take racial diversity into account.,その改正案は、人種の多様性を考慮していないとの理由で却下された。,2021-11-9,2021-11-9
448,36,"Needless to say, the refugees were longing for freedom.",言うまでもなく、難民たちは自由を強く求めていた。,2021-11-9,2021-11-9
449,37,"According to a survey, three in five people are indifferent to foreign affairs.",ある調査によると、今日では5人中3人が外交問題には無関心だそうだ。,2021-11-9,2021-11-9
450,37,What will become of Japan-U.S. relations if the security treaty expires?,安全保障条約が期限切れになったら、日米関係はどうなるだろう？,2021-11-9,2021-11-9
451,37,"Unless Japan eliminates its unfair tariffs, the U.S. will impose sanctions.",日本が不公平な関税を撤廃しなければ、米国は制裁措置を取るだろう。,2021-11-9,2021-11-9
452,37,Trade friction might arise between the two nations at any moment.,両国の間では貿易摩擦がいつ生じてもおかしくない。,2021-11-9,2021-11-9
453,37,"Our top priority is to settle this dispute once and for all, so we are ready to meet them halfway.",我々の最優先事項はこの論争にきっぱりと決着を付けることだ。そのためには相手側との妥協も覚悟している。,2021-11-9,2021-11-9
454,37,The federal budget was narrowly approved by Congress.,連邦予算はかろうじて議会の承認を得た。,2021-11-9,2021-11-9
455,37,He argues that the administration must look for alternative sources of revenue.,政府は別の歳入源を探さなければいけない、と彼は主張している。,2021-11-9,2021-11-9
456,37,A poll shows that an overwhelming majority is in favor of the legislation.,世論調査の結果から、圧倒的多数の人がその法律を支持していることがわかる。,2021-11-9,2021-11-9
457,38,The cops are searching for clues to the brutal murder.,警察はその残虐な殺人事件の手がかりを捜している。,2021-11-9,2021-11-9
458,38,The man must be insane. He can't distinguish vice from virtue.,その男は頭がおかしいに違いない。善悪の区別がつけられないんだ。,2021-11-9,2021-11-9
459,38,The fingerprints left on the weapon correspond with the suspect's.,凶器に残された指紋は容疑者のものと一致する。,2021-11-9,2021-11-9
460,38,It took us all by surprise when the noted psychologist was accused of kidnapping.,その著名な心理学者が誘拐罪で訴えられたことに、私たちはみな驚いた。,2021-11-9,2021-11-9
461,38,The jury's guilty verdict gave rise to widespread debate.,陪審団による有罪評決が大論争の引き金となった。,2021-11-9,2021-11-9
462,38,"The man pleaded for mercy, but he was sentenced to twenty years in prison for his crime.",男は情報酌量を求めたが、犯した罪に対して20年の懲役刑が言い渡された。,2021-11-9,2021-11-9
463,38,The officer on duty perceived an elderly man coming up behind him.,勤務中の警官は、一人のお年寄りが自分の背後に近づいてくるのに気付いた。,2021-11-9,2021-11-9
464,38,He caught sight of a thief attempting to break into the house.,彼はその家に押入ろうとしている泥棒を目にした。,2021-11-9,2021-11-9
465,38,The day before yesterday he witnessed a weird incident in the wilderness.,おととい、彼はその原野で奇妙な出来事を目撃した。,2021-11-9,2021-11-9
466,39,"I became aware of someone staring at me from across the aisle, so I turned around. But there was no one in sight.",通路の向こうから、誰かが私をじっと見ているのに気付いたので振り向いた。しかし、誰の姿も見えなかった。,2021-11-9,2021-11-9
467,39,She screamed with horror as someone took hold of her arm.,何者かに腕をつかまれ、彼女は怖くて悲鳴を上げた。,2021-11-9,2021-11-9
468,39,"Informed of her safety, he breathed a sigh of relief.",彼女の無事を知らされて、彼は安堵のため息をついた。,2021-11-9,2021-11-9
469,39,"The bullet penetrated his chest, leaving him in critical condition.",銃弾が胸を貫通し、彼は危篤状態に陥った。,2021-11-9,2021-11-9
470,39,"At present, it's still uncertain whether it was done deliberately or by accident.",そうなったのが故意なのか過失なのか、現在のところまだはっきりしない。,2021-11-9,2021-11-9
471,39,"A deli caught fire and burned down, leaving a heap of ashes.",デリカテッセンから火災が発生し、灰の山を残して全焼した。,2021-11-9,2021-11-9
472,39,"All of a sudden the fireworks warehouse exploded, and it took two days to put out the blaze.",花火の貯蔵庫が突然爆発し、激しい炎を鎮めるまでに2日間を要した。,2021-11-9,2021-11-9
473,39,"A bomb went off in a thirty-story building, and more than fifty people were seriously wounded.",30階建てのビルで爆弾が爆発し、50人以上が重傷を負った。,2021-11-9,2021-11-9
474,39,"A cargo vessel, bound for Athens, sank in Mediterranean without a trace.",アテネへ向かう一隻の貨物船が、何の痕跡も残さずに地中海で沈没した。,2021-11-9,2021-11-9
475,39,The reckless men froze to death during their expedition to the Antarctic.,無謀な男たちが南極探検中に凍死した。,2021-11-9,2021-11-9
476,39,The tragedy must be remembered so as not to be repeated.,同じことが繰り返されないように、その悲劇を忘れてはならない。,2021-11-9,2021-11-9
477,40,The exhibition offers profound insights into ancient civilization.,その展覧会に行くと古代文明に対する深い理解が得られる。,2021-11-9,2021-11-9
478,40,Giotto is credited with sowing the seeds of the Italian Renaissance.,イタリアンルネッサンスを開花させるきっかけを作ったのはジョットの功績だ。,2021-11-9,2021-11-9
479,40,"Bob mounted the portrait in a fancy frame, but it was upside down.",ボブは装飾された額にその肖像画を収めたけれど、上下逆さまだった。,2021-11-9,2021-11-9
480,40,This magnificent cathedral dates back to the Middle Ages.,この荘厳な大聖堂の建立は中世にまでさかのぼる。,2021-11-9,2021-11-9
481,40,Asian religions inspired him to create splendid sculptures.,アジアの宗教から閃きを得て、彼は複数のすばらしい彫刻作品を生み出した。,2021-11-9,2021-11-9
482,40,They explored the desert in search of buried treasure.,彼らは埋蔵された宝物を求めて砂漠を探検した。,2021-11-9,2021-11-9
483,40,The millionaire insisted on acquiring the masterpiece no matter how it cost.,たとえいくらかかろうともその傑作を手に入れると、その大富豪は言い張った。,2021-11-9,2021-11-9
484,40,Myths and legends should be handed down from generation to generation.,神話や伝説は代々語り継がれていくべきだ。,2021-11-9,2021-11-9
485,40,The linguist is fluent in several Chinese dialects.,その言語学者はいくつかの中国語の方言を流暢に話す。,2021-11-9,2021-11-9
486,40,"The tribe worships its ancestors and speaks its own language, which is not familiar to us.",その部族は祖先を崇拝し、私たちにはなじみのない独自の言語を話す。,2021-11-9,2021-11-9
487,40,The anthropologist says old customs still prevail in the province.,その州ではいまだに古い慣習が根強い、とその文化人類学者は言っている。,2021-11-9,2021-11-9
488,40,The wicked witch cast an evil spell on the man and turned him into a bug.,意地の悪い魔女が男にとんでもない魔法をかけて、虫に変えてしまった。,2021-11-9,2021-11-9
489,40,"They proceeded along the steep path, which was the sole access to the border.",その険しい小道に沿って彼らは前進した。それは国境へたどり着く唯一の方法だった。,2021-11-9,2021-11-9
490,40,"When a big ape emerged from the cave, they got frightened and ran away.",洞窟から大きな猿が現れると、彼らはびっくりして逃げて行った。,2021-11-9,2021-11-9
491,40,"""Believe it or not, I saw an alien and then it vanished!""\n""Give me a break!""",「信じてくれないかもしれないけど、宇宙人を見たの。で、消えちゃったのよ！」 「冗談はよせよ。」,2021-11-9,2021-11-9
492,41,Quite a few people have been invited to celebrate the couple's anniversary.,かなりの数の人々が、その夫婦の結婚記念のお祝いに招待されている。,2021-11-9,2021-11-9
493,41,"It won't be long before everything is ready. In the meantime, help yourself to some snacks.",もうすぐ準備完了です。その間、軽食をご自由につまんでください。,2021-11-9,2021-11-9
494,41,"Dressed in a loud and peculiar outfit, she stood out in the crowd.",けばけばしい奇妙な服を着ていた彼女は、人混みの中でもひときわ目立った。,2021-11-9,2021-11-9
495,41,All the guests were touched by her hospitality.,招かれた人は皆、彼女のもてなしに心を打たれた。,2021-11-9,2021-11-9
496,41,Her shabby clothes were not suitable for the occasion.,彼女のよれよれの服は、その場にはふさわしくなかった。,2021-11-9,2021-11-9
497,41,That topic is too intimate to share with casual acquaintances.,たまたま知り合った人たちと話すには、その話題は立ち入り過ぎている。,2021-11-9,2021-11-9
498,41,"When Tom gets drunk, he gets crude and offensive. Stay away from him.",トムは酔っぱらうと下品になって、人に不快な思いをさせるから、近づいちゃだめだよ。,2021-11-9,2021-11-9
499,41,He could hardly comprehend what she was implying.,彼女がほのめかしていることを彼はほとんど理解できなかった。,2021-11-9,2021-11-9
500,41,Bob felt embarrassed when he was teased in front of some girls.,女の子の前でからかわれて、ボブは恥ずかしかった。,2021-11-9,2021-11-9
501,41,His ambiguous reply made her all the more irritated.,彼の曖昧な返事はなおさら彼女をいらいらさせた。,2021-11-9,2021-11-9
502,41,Bob is very timid and blushes when chatting with girls.,ボブはとても臆病で女の子とおしゃべりすると赤面してしまう。,2021-11-9,2021-11-9
503,41,Nick looks down on anyone who comes from a rural area.,ニックは地方出身者なら誰であろうと見下している。,2021-11-9,2021-11-9
504,41,"""What's the matter, Bob? You look so miserable.""\n""Leave me alone. It's none of your business.""",「どうしたの、ボブ？そんなに暗い顔をして。」「ほっといてくれよ。君には関係ないことだ。」,2021-11-9,2021-11-9
505,41,"Although Bob was in disguise, I recognized him at a glance.",ボブは変装していたけれども、一目で彼だとわかった。,2021-11-9,2021-11-9
506,41,"""What are you chuckling about?""\n""Bob, you have your sweatshirt on backwards!""\n""Oops!""",「何をくすくす笑ってるんだ？」「ボブ、トレーナーが後ろ前だよ。」「あっ！」,2021-11-9,2021-11-9
507,42,He is not good at making friends and always keeps to himself.,彼は友達作りが苦手で、いつもひとりぼっちでいる。,2021-11-9,2021-11-9
508,42,"Having found no place he felt he belonged, he was extremely uneasy and lonely.",自分が受け入れられる場所を見つけられず、彼は極度の不安と孤独に陥っていた。,2021-11-9,2021-11-9
509,42,I found it pretty hard to adjust to my new surroundings.,新しい環境に順応するのはかなり大変なことだとわかった。,2021-11-9,2021-11-9
510,42,I felt utterly out of place among those sophisticated people.,ああいう洗練された人たちの中で、自分はまったく場違いな気がした。,2021-11-9,2021-11-9
511,42,"To tell the truth, I don't like classical music. On the other hand, Molly is really into it.",正直言って、私はクラシック音楽は好きじゃない。かたや、モリーのほうは完全にはまっている。,2021-11-9,2021-11-9
512,42,Bob derives pleasure from observing insects.,ボブは昆虫の観察に楽しみを感じている。,2021-11-9,2021-11-9
513,42,"""How about playing cards or something for a change?""\n""Sorry, I'm not up for it.""",「気分転換にトランプか何かしない？」「わるいけど、そういう気分じゃないよ。」,2021-11-9,2021-11-9
514,42,"""After you.""\n""No pleasure, you go ahead.""\n""Thanks.""\n""You're welcome.""",「お先にどうぞ。」「いや、あなたの方こそお先にどうぞ。」「すみません。」「どういたしまして。」,2021-11-9,2021-11-9
515,42,His niece is sociable and mature for her age. She could pass for twenty-something.,彼の姪は年の割には社交的で大人だ。二十代と言っても通用する。,2021-11-9,2021-11-9
516,42,"""Take care of yourself and say hi to your family for me.""\n""I will. See you later.""",「じゃあね。家族のみんなによろしく。」「ああ。またね。」,2021-11-9,2021-11-9
517,42,"I'm looking forward to hearing from you. Sincerely,",お返事頂けるのを楽しみにしております。敬具,2021-11-9,2021-11-9
518,43,Can you spare a minute? I'd like to discuss something of importance to both of us.,ちょっと時間を割いてくれませんか？二人にとって大事なことを話し合いたいんです。,2021-11-9,2021-11-9
519,43,It may seem trivial to you but for me it's worth paying attention to.,あなたには些細なことに思えるかもしれませんが、私にとってそれは注意すべきことなんです。,2021-11-9,2021-11-9
520,43,"As far as Bob is concerned, anything goes. By contrast, Jane is very cautious.",ボブについて言えば、彼はどんなことでも受け入れるタイプだが、対照的にジェーンはとても慎重派だ。,2021-11-9,2021-11-9
521,43,"After an awkward pause, Bill took her by the hand and dragged her upstairs.",気まずい沈黙の後、ビルは彼女の手を取って上の階に引っ張って行った。,2021-11-9,2021-11-9
522,43,"Bill just wanted to comfort Monica, but she interpreted it as romantic interest.",ビルはただモニカを慰めたかっただけなのに、彼女は彼が自分に気があるのだと解釈した。,2021-11-9,2021-11-9
523,43,"After making sure she was sound asleep, he crept out of the room and set off.",彼女が熟睡しているのを確かめて、彼はこっそり部屋を抜け出して旅立った。,2021-11-9,2021-11-9
524,43,"Between you and me, Lisa, I came across Nick passionately embracing a woman.",ここだけの話だけど、リサ、女の人を熱く抱擁してるニックを見ちゃったんだ。,2021-11-9,2021-11-9
525,43,Such a remark is open to misunderstanding.,そういう発言は誤解を招きやすい。,2021-11-9,2021-11-9
526,43,"""I can't stand it anymore!""\n""Calm down. I'll come over as soon as possible.""",「もう我慢できないっ！」「落ち着けよ。すぐそこに行くから。」,2021-11-9,2021-11-9
527,43,Don't take it literally. He is inclined to exaggerate.,そんなこと真に受けちゃだめだよ。彼は大げさに言う傾向があるから。,2021-11-9,2021-11-9
528,43,"""You should apologize to Lisa for making fun of her. You went too far this time.""\n""Yeah .. I will, sometime when she's in a better mood.""",「リサを馬鹿にしたことを謝るべきだわ。今回はやりすぎよ。」「ああ、そうするよ。その内彼女の機嫌が直ったらね。」,2021-11-9,2021-11-9
529,43,"Lisa, are you getting along with Nick? ""Once in a while, I think of divorcing him.""\n""You must be kidding!""",「リサ、ニックとうまくやってる？」「時々、離婚を考えることがあるわ。」「冗談だろ！」,2021-11-9,2021-11-9
530,43,"In tears, she tore up his letter and threw it away.",彼女は泣きながら、彼からの手紙をめちゃくちゃに引き裂いて捨てた。,2021-11-9,2021-11-9
531,44,"""Jennifer deceived me!""\n""You should have known better than to trust her.""",「ジェニファーにだまされた！」「彼女を信じないくらいの分別があっても良かったのに。」,2021-11-9,2021-11-9
532,44,Tom regretted having wasted a great deal of his life.,トムは自分の人生の多くを無駄にしてきたことを後悔した。,2021-11-9,2021-11-9
533,44,I cannot look back on my adolescence without feeling depressed.,自分の思春期を振り返ると、いつも憂鬱な気分になる。,2021-11-9,2021-11-9
534,44,"""Jennifer left me for another guy.""\n""Oh, you must be upset.""\n""Not really. I'm used to it.""",「ジェニファーが俺をふって他の男のところにいったよ。」「えっ、それは辛いわね。」「そうでもないよ。慣れてるよ。」,2021-11-9,2021-11-9
535,44,"""No wonder she didn't show up to see him off.""\n""How come?""\n""They broke up.""\n""Oh, what a pity!""",「彼女が見送りに来なかったのも当然だよ。」「どうして？」「二人は別れたんだ。」「えっ、かわいそうに！」,2021-11-9,2021-11-9
536,44,"""Living here all by myself is torture!"" he sobbed.",「ここで自分一人だけ生きていくなんて拷問だ」と彼はすすり泣きして言った。,2021-11-9,2021-11-9
537,44,"""To be honest, I'm crazy about Ken because he's brave, self-confident, and never afraid of taking risks. ""\n""If I were you, I'd ask him out!""",「正直言うと私、ケンに夢中なの。だって、勇敢で自分に自信を持っていて、それに危険を冒すことを決して恐れないでしょ。」「私ならデートに誘うわ。」,2021-11-9,2021-11-9
538,44,"""I've been going with Jennifer on and off for ages.""\n""You're as indecisive as ever. Isn't it """,「ずいぶん長い間、ジェニファーとは付き合ったり別れたりの繰り返しだよ。」「相変わらず優柔不断ね。そろそろ落ち着いたらどう？」,2021-11-9,2021-11-9
539,44,"""It dawned on me that I had been taken in by Jennifer all along.""\n""How naive! Didn't you see through her?""",「ジェニファーにずっとだまされていたのが分かってきたよ。」「何てうぶなの。彼女の本性が見抜けなかったの？」,2021-11-9,2021-11-9
540,44,"Even though she is seeing someone else, I won't give her up.",実際、彼女は誰かと付き合っているけれども、僕は彼女を諦めない。,2021-11-9,2021-11-9
541,44,"""Hi, Jane. What's up?""\n""Not much. How about you?""\n""I got married to Jennifer.""\n""Wow! Congratulations!""",「やあ、ジェーン。最近どう？」「別に。あなたは？」「ジェニファーと結婚したんだ。」「ええっ、おめでとう！」,2021-11-9,2021-11-9
542,44,"Whenever you're in trouble or feeling down, I'll be there for you.",大変なことがあったり、落ち込んだりしたときはいつでも、私があなたのそばにいるわ。,2021-11-9,2021-11-9
543,44,"""Delight"" is the opposite of ""sorrow.""",「喜び」は「悲しみ」の反対です。,2021-11-9,2021-11-9
544,44,"""Jennifer went so far as to call me an idiot and she wouldn't take it back.""\n""Serves you right! You provoked her, didn't you?""",「ジェニファーは僕をばか呼ばわりまでして、しかもそれを撤回しないんだ。」「自業自得よ！あなたからけしかけたんでしょう？」,2021-11-9,2021-11-9
545,44,"""Why do you put up with her arrogance? She's just taking advantage of you. ""Shut up!""",「彼女の傲慢さにどうして我慢しているの？利用されているだけよ。」「うるさい！」,2021-11-9,2021-11-9
546,44,Take your time. I know you need a couple of days to reflect on it.,慌てなくていいですよ。そのことをじっくり考えるには、2、3日必要でしょうから。,2021-11-9,2021-11-9
547,44,Bob has to get through this ordeal on his own.,ボブは自分の力でこの厳しい試練を乗り切らなければいけない。,2021-11-9,2021-11-9
548,45,Flies and mosquitoes interfered with his meditation.,ハエと蚊が彼の瞑想の邪魔をした。,2021-11-9,2021-11-9
549,45,The sacred ritual took place after being postponed twice.,2度の延期の後、その神聖な儀式は執り行われた。,2021-11-9,2021-11-9
550,45,"All at once, the Buddhist priest burst into laughter, spoiling the solemn atmosphere.",お坊さんが突然大声で笑い出し、厳粛な雰囲気を台無しにした。,2021-11-9,2021-11-9
551,45,"Cover your mouth when you cough, sneeze, or yawn.",咳、くしゃみ、あくびをするときは口を手で隠しなさい。,2021-11-9,2021-11-9
552,45,"""One of her relatives passed away three days ago.""\n""Oh, that's too bad. I'm so sorry.""",「彼女の親戚が3日前に亡くなったんだ。」「えっ、それは大変ね。お気の毒だわ。」,2021-11-9,2021-11-9
553,45,"Besides attending the funeral, she needs to make all the arrangements.",彼女は葬儀に参列するだけでなく、すべての段取りをつけなければならない。,2021-11-9,2021-11-9
554,45,"""I feel for you, Jane. Grief doesn't fade away quickly.""\n""I'm OK. I'll get over it.""",「ジェーン、気持ちは分かるよ。悲しみはすぐに消えるものじゃない。」「大丈夫。乗り越えてみせるわ。,2021-11-9,2021-11-9
555,45,She cherishes the precious memories of her childhood.,彼女は子供の頃のかけがえのない思い出を大切にしている。,2021-11-9,2021-11-9
556,45,"""Speaking of Jennifer, she got engaged to a businessman.""\n""I'm at a loss for words! I hope she won't break it off.""",「ジェニファーと言えば、彼女、実業家と婚約したんだよ。」「あきれてものが言えないわ。破談にならなきゃいいけどね。」,2021-11-9,2021-11-9
557,45,"These days, the motives for marriage are not necessarily pure. Take Jennifer for example.",近頃では、結婚の動機は必ずしも純粋とは限らない。例えば、ジェニファーを見てごらんよ。,2021-11-9,2021-11-9
558,45,"Go easy on Bob. You know, he's been going through a rough period recently.",ボブにはやさしく接してあげてくれよ。ほら、彼は最近ずっと辛いこと続きなんだ。,2021-11-9,2021-11-9
559,45,"""By the way, do you have the time?""\n""Let's see .. it's a quarter to eight.""",「ところで、今何時？」「えーっと、8時15分前だよ。」,2021-11-9,2021-11-9
560,45,"""Let's call it a day, Bob. I'm starved.""\n""Yep. I'll buy you dinner.""",「ボブ、今日はこの辺までにしましょう。お腹がぺこぺこ。」「ああ。晩飯は僕がおごるよ。」,2021-11-9,2021-11-9